Starting new run in explicit directory: /home/yc/repo/med_dict_ablation_20261001/results/staged_ablation_annotated_20261001_093433/pdac/B
Loading model...
vLLM mode: connected to http://localhost:8000/v1
Data loaded: 20 rows (indices [0, 1, 2, 3, 4, 5, 6, 7, 8, 9, 10, 11, 12, 13, 14, 15, 16, 17, 18, 19])
Cancer type: pdac
Using pipeline: v2
Semantic verification gates (G3-G5): off
Inline deterministic post-processing: off
Run-level POST hooks: off
Gate config: {'preserve_negatives': True, 'skip_empty_fields': True}
Chat template: qwen2
Medical dictionary loaded: 9331 terms
Oncology whitelist loaded: 136 drugs
Supportive care whitelist loaded: 78 drugs
Lab test whitelist loaded: 71 terms
Genetic test keywords loaded: 37 terms

Processing 20 rows...

Processing row 0 (1/20)...
  Trying regex extraction...
  Regex matched: 'ASSESSMENT:'
  Regex extraction succeeded (694 chars)
  A/P extraction: 0.0s
    Reason_for_Visit: 2.2s
      [EXTRACT] raw={
"Patient type": "Follow up",
"second opinion": "no",
"in-person": "in-person",
"summary": "Locally advanced adenocarcinoma of the pancreas, with possible progression. The purpose of this visit is to
      [G1-FORMAT] ok, keys=['Patient type', 'second opinion', 'in-person', 'summary']
      [G2-SCHEMA] ok
    Cancer_Diagnosis: 1.4s
      [EXTRACT] raw={
"Type_of_Cancer": "Locally advanced adenocarcinoma of the pancreas",
"Stage_of_Cancer": "Locally advanced",
"Distant Metastasis": "Not sure/Suspected, to lung",
"Metastasis": "Regional nodal involve
      [G1-FORMAT] ok, keys=['Type_of_Cancer', 'Stage_of_Cancer', 'Distant Metastasis', 'Metastasis']
      [G2-SCHEMA] ok
    Lab_Results: 3.2s
      [EXTRACT] raw={
"lab_summary": "WBC Count 6.7, RBC Count 3.89, Hemoglobin 11.1, Hematocrit 33.5, MCV 86, MCH 28.5, MCHC 33.1, Platelet Count 203, Neutrophil Absolute Count 4.06, Lymphocyte Abs Cnt 1.49, Monocyte Ab
      [G1-FORMAT] ok, keys=['lab_summary']
      [G2-SCHEMA] ok
    Clinical_Findings: 1.9s
      [EXTRACT] raw={
"findings": "Stable to minimally increased size of pancreatic mass compatible with known pancreatic adenocarcinoma. No evidence of metastatic disease in the abdomen/pelvis. New nodules measuring up 
      [G1-FORMAT] ok, keys=['findings']
      [G2-SCHEMA] ok
    Current_Medications: 0.4s
      [EXTRACT] raw={
"current_meds": ""
}
      [G1-FORMAT] ok, keys=['current_meds']
      [G2-SCHEMA] ok
    Treatment_Changes: 1.8s
      [EXTRACT] raw={
"recent_changes": "His 5th cycle treatment was interrupted because of biliary ductal obstruction. He had a plastic stent replaced with an uncovered metal stent. He would like to meet with psycho onc
      [G1-FORMAT] ok, keys=['recent_changes', 'supportive_meds']
      [G2-SCHEMA] ok
  Phase 1 extraction (6 prompts): 10.9s
  Cross-context injected (1565 chars)
    Treatment_Goals: 0.7s
      [EXTRACT] raw={
"goals_of_treatment": "palliative",
"goals_description": "Not explicitly stated."
}
      [G1-FORMAT] ok, keys=['goals_of_treatment', 'goals_description']
      [G2-SCHEMA] ok
    Response_Assessment: 1.9s
      [EXTRACT] raw={
"response_assessment": "Stable to minimally increased size of pancreatic mass compatible with known pancreatic adenocarcinoma. No evidence of metastatic disease in the abdomen/pelvis. New nodules me
      [G1-FORMAT] ok, keys=['response_assessment']
      [G2-SCHEMA] ok
  Phase 2 extraction (2 prompts): 2.6s
  Total extraction: 13.5s
    Medication_Plan: 0.6s
      [EXTRACT] raw={
    "medication_plan": "Hold chemotherapy (patient requests a chemo break)"
}
      [G1-FORMAT] ok, keys=['medication_plan']
      [G2-SCHEMA] ok
    Therapy_plan: 0.9s
      [EXTRACT] raw={
    "therapy_plan": "He would really like a chemotherapy break. This seems reasonable since he appears to have received maximum benefit on this regimen. Given the sites of disease involvement and hi
      [G1-FORMAT] ok, keys=['therapy_plan']
      [G2-SCHEMA] ok
    radiotherapy_plan: 0.3s
      [EXTRACT] raw={
    "radiotherapy_plan": "None"
}
      [G1-FORMAT] ok, keys=['radiotherapy_plan']
      [G2-SCHEMA] ok
    Procedure_Plan: 0.3s
      [EXTRACT] raw={
    "procedure_plan": "No procedures planned."
}
      [G1-FORMAT] ok, keys=['procedure_plan']
      [G2-SCHEMA] ok
    Imaging_Plan: 0.4s
      [EXTRACT] raw={
    "imaging_plan": "No imaging planned."
}
      [G1-FORMAT] ok, keys=['imaging_plan']
      [G2-SCHEMA] ok
    Lab_Plan: 0.3s
      [EXTRACT] raw={
    "lab_plan": "No labs planned."
}
      [G1-FORMAT] ok, keys=['lab_plan']
      [G2-SCHEMA] ok
    Genetic_Testing_Plan: 0.3s
      [EXTRACT] raw={
    "genetic_testing_plan": "None planned."
}
      [G1-FORMAT] ok, keys=['genetic_testing_plan']
      [G2-SCHEMA] ok
    follow_up_next_visit: 0.4s
      [EXTRACT] raw={
    "Next clinic visit": "in-person: 2 months for follow-up"
}
      [G1-FORMAT] ok, keys=['Next clinic visit']
      [G2-SCHEMA] ok
    Advance_care_planning: 0.3s
      [EXTRACT] raw={
    "Advance care": "Not discussed during this visit."
}
      [G1-FORMAT] ok, keys=['Advance care']
      [G2-SCHEMA] ok
  Plan extraction prompts: 3.9s
    Referral: 1.2s
      [EXTRACT] raw={
"Nutrition": "None",
"Genetics": "None",
"Specialty": "None",
"Others": "He would like to meet with psycho oncology as he is having some difficulty coping with his disease and with some social and e
      [G1-FORMAT] ok, keys=['Nutrition', 'Genetics', 'Specialty', 'Others', 'follow up']
      [G2-SCHEMA] ok
  Referral extraction (full note): 1.2s
    Genetic_Testing_Results: 0.5s
      [EXTRACT] raw={
    "genetic_testing_results": "No genetic testing results in note."
}
      [G1-FORMAT] ok, keys=['genetic_testing_results']
      [G2-SCHEMA] ok
  Genetic_Testing_Results (full note): 0.5s
    [POST-STAGE-LOCALLY-ADVANCED] descriptive extent retained → 'Locally advanced'
    [POST-DISTMET] added empty Distant Metastasis field (general Metastasis is not an M1 proxy)
    [POST-MET-FINAL] '' → 'Not sure' (rebuilt from regional evidence and Distant ceiling)
    [POST-GENETIC-RESULTS-FINAL] normalized empty fallback: '' → 'No genetic testing results in note.'
  Row 0 total: 19.1s
  Row 0 saved to progress

Processing row 1 (2/20)...
  Trying regex extraction...
  Regex matched: 'ASSESSMENT AND PLAN:'
  Regex extraction succeeded (2398 chars)
  A/P extraction: 0.0s
    Reason_for_Visit: 3.0s
      [EXTRACT] raw={
"Patient type": "follow up",
"second opinion": "no",
"in-person": "in-person",
"summary": "Mr. [REDACTED] is a 71 y.o. male who returns to our GI Oncology practice at the UCSF Comprehensive Cancer C
      [G1-FORMAT] ok, keys=['Patient type', 'second opinion', 'in-person', 'summary']
      [G2-SCHEMA] ok
    Cancer_Diagnosis: 3.6s
      [EXTRACT] raw={
"Type_of_Cancer": "Adenocarcinoma of the pancreas",
"Stage_of_Cancer": "Now metastatic (Stage IV)",
"Distant Metastasis": "Yes, to liver",
"Metastasis": "Regional lymph node involvement (6 of 25 lym
      [G1-FORMAT] ok, keys=['Type_of_Cancer', 'Stage_of_Cancer', 'Distant Metastasis', 'Metastasis']
      [G2-SCHEMA] ok
    Lab_Results: 3.0s
      [EXTRACT] raw={
"lab_summary": "WBC Count 7.4, Neutrophil Absolute Count 4.62, Hemoglobin 9.4 (L), Hematocrit 30.1 (L), Platelet Count 351, Creatinine 0.58 (L), Bilirubin, Total 0.4, Alkaline Phosphatase 305 (H), A
      [G1-FORMAT] ok, keys=['lab_summary']
      [G2-SCHEMA] ok
    Clinical_Findings: 6.3s
      [EXTRACT] raw={
"findings": "Patient presents for C2D1 Gemcitabine + Abraxane. Labs show WBC count of 7.4, neutrophil absolute count of 4.62, hemoglobin of 9.4 (low), hematocrit of 30.1 (low), platelet count of 351
      [G1-FORMAT] ok, keys=['findings']
      [G2-SCHEMA] ok
    Current_Medications: 0.5s
      [EXTRACT] raw={
"current_meds": "Gemcitabine + Abraxane"
}
      [G1-FORMAT] ok, keys=['current_meds']
      [G2-SCHEMA] ok
    Treatment_Changes: 1.5s
      [EXTRACT] raw={
"recent_changes": "Started 2nd line therapy with Gemcitabine + Abraxane on 11/29/18.",
"supportive_meds": "granisetron (SANCUSO) 3.1 mg/24 hour patch, Creon 2 tab/meal and 1 tab/snacks, domperidone,
      [G1-FORMAT] ok, keys=['recent_changes', 'supportive_meds']
      [G2-SCHEMA] ok
  Phase 1 extraction (6 prompts): 17.9s
  Cross-context injected (1953 chars)
    Treatment_Goals: 0.8s
      [EXTRACT] raw={
"goals_of_treatment": "palliative",
"goals_description": "Not explicitly stated."
}
      [G1-FORMAT] ok, keys=['goals_of_treatment', 'goals_description']
      [G2-SCHEMA] ok
    Response_Assessment: 2.5s
      [EXTRACT] raw={
"response_assessment": "The patient has started second-line therapy with Gemcitabine + Abraxane on 11/29/18. The latest lab results show Cancer Antigen 19-9 levels fluctuating with values of 900, 63
      [G1-FORMAT] ok, keys=['response_assessment']
      [G2-SCHEMA] ok
  Phase 2 extraction (2 prompts): 3.2s
  Total extraction: 21.1s
    Medication_Plan: 1.5s
      [EXTRACT] raw={
    "medication_plan": "Continue Gemcitabine + Abraxane on C2D1. Premedication with Aloxi & Emend. Apply granisetron patch 3.1 mg/24 hours on day 3 and take compazine PRN. Continue Creon 2 tab/meal 
      [G1-FORMAT] ok, keys=['medication_plan']
      [G2-SCHEMA] ok
    Therapy_plan: 0.9s
      [EXTRACT] raw={
    "therapy_plan": "Patient continues with C2D1 Gemcitabine + Abraxane. Dose modification of Abraxane may be required if peripheral neuropathy worsens. Currently, no dose modifications are needed a
      [G1-FORMAT] ok, keys=['therapy_plan']
      [G2-SCHEMA] ok
    radiotherapy_plan: 0.3s
      [EXTRACT] raw={
    "radiotherapy_plan": "None"
}
      [G1-FORMAT] ok, keys=['radiotherapy_plan']
      [G2-SCHEMA] ok
    Procedure_Plan: 0.3s
      [EXTRACT] raw={
    "procedure_plan": "No procedures planned."
}
      [G1-FORMAT] ok, keys=['procedure_plan']
      [G2-SCHEMA] ok
    Imaging_Plan: 0.4s
      [EXTRACT] raw={
    "imaging_plan": "CT scan due after he completes cycle 2."
}
      [G1-FORMAT] ok, keys=['imaging_plan']
      [G2-SCHEMA] ok
    Lab_Plan: 0.6s
      [EXTRACT] raw={
    "lab_plan": "His labs and PS are acceptable and he will proceed with C2D1 today. CT scan due after he completes cycle 2."
}
      [G1-FORMAT] ok, keys=['lab_plan']
      [G2-SCHEMA] ok
    Genetic_Testing_Plan: 0.4s
      [EXTRACT] raw={
    "genetic_testing_plan": "Patient's family needs to be screened for SPINK1."
}
      [G1-FORMAT] ok, keys=['genetic_testing_plan']
      [G2-SCHEMA] ok
    follow_up_next_visit: 0.3s
      [EXTRACT] raw={
    "Next clinic visit": "in-person: 2 weeks"
}
      [G1-FORMAT] ok, keys=['Next clinic visit']
      [G2-SCHEMA] ok
    Advance_care_planning: 0.3s
      [EXTRACT] raw={
    "Advance care": "Not discussed during this visit."
}
      [G1-FORMAT] ok, keys=['Advance care']
      [G2-SCHEMA] ok
  Plan extraction prompts: 5.1s
    Referral: 1.0s
      [EXTRACT] raw={
"Nutrition": "None",
"Genetics": "None",
"Specialty": "Followed by his PCP, Dr. [REDACTED]",
"Others": "None",
"follow up": "RETURN TO CLINIC: 2 weeks"
}
      [G1-FORMAT] ok, keys=['Nutrition', 'Genetics', 'Specialty', 'Others', 'follow up']
      [G2-SCHEMA] ok
  Referral extraction (full note): 1.0s
    Genetic_Testing_Results: 0.7s
      [EXTRACT] raw={
    "genetic_testing_results": "Patient is a SPINK1 carrier. He has variant of unknown significance in FANCG and NF2."
}
      [G1-FORMAT] ok, keys=['genetic_testing_results']
      [G2-SCHEMA] ok
  Genetic_Testing_Results (full note): 0.7s
    [POST-THERAPY-SUPPLEMENT] Found therapy in A/P: ['gemcitabine', 'abraxane']
    [POST-MEDICATION-SUPPLEMENT] Added missing meds: ['gemcitabine', 'abraxane', 'creon', 'compazine']
    [POST-IMAGING] found in note: CT scan
    [POST-DISTMET] added empty Distant Metastasis field (general Metastasis is not an M1 proxy)
    [POST-SUPP-SUPPLEMENT] recovered supportive meds: ['Creon (pancreatic enzyme)']
    [POST-MEDS-FINAL] '' → 'gemcitabine, FOLFIRINOX' (added active gemcitabine; added active FOLFIRINOX)
    [POST-MET-FINAL] '' → 'Yes, historical pathologically confirmed regional lymph-node involvement (6/25 nodes positive)' (rebuilt from regional evidence and Distant ceiling)
    [POST-GENETIC-RESULTS-FINAL] normalized empty fallback: '' → 'No genetic testing results in note.'
  Row 1 total: 28.0s
  Row 1 saved to progress

Processing row 2 (3/20)...
  Injected 1 term definitions: ['stable disease']
  Trying regex extraction...
  Regex matched: 'Impression and Recommendations:'
  Regex extraction succeeded (1968 chars)
  A/P extraction: 0.0s
    Reason_for_Visit: 3.4s
      [EXTRACT] raw={
"Patient type": "Follow up",
"second opinion": "no",
"in-person": "in-person",
"summary": "Mr. [REDACTED] is a 74 y.o. male with metastatic pancreatic cancer, originally diagnosed in 2018. He return
      [G1-FORMAT] ok, keys=['Patient type', 'second opinion', 'in-person', 'summary']
      [G2-SCHEMA] ok
    Cancer_Diagnosis: 1.6s
      [EXTRACT] raw={
"Type_of_Cancer": "Metastatic pancreatic ductal adenocarcinoma",
"Stage_of_Cancer": "Metastatic (Stage IV)",
"Distant Metastasis": "Yes, to liver, peritoneum",
"Metastasis": "Regional nodal involvem
      [G1-FORMAT] ok, keys=['Type_of_Cancer', 'Stage_of_Cancer', 'Distant Metastasis', 'Metastasis']
      [G2-SCHEMA] ok
    Lab_Results: 2.6s
      [EXTRACT] raw={
"lab_summary": "WBC Count 7.4, Neutrophil Absolute Count 5.37, Hemoglobin 7.6 (L), Hematocrit 25.1 (L), Platelet Count 227, Creatinine 0.66, Bilirubin, Total 0.4, Alkaline Phosphatase 207 (H), Aspar
      [G1-FORMAT] ok, keys=['lab_summary']
      [G2-SCHEMA] ok
    Clinical_Findings: 6.6s
      [EXTRACT] raw={
"findings": "Pancreatic tumor: multicystic, ill-defined mass measuring 4.7 x 5.6 cm, hypoenhancing with a hypodense multicystic component, splenic artery encased by tumor, unchanged chronic occlusio
      [G1-FORMAT] ok, keys=['findings']
      [G2-SCHEMA] ok
    Current_Medications: 0.8s
      [EXTRACT] raw={
"current_meds": "5-FU/LV plus nanoliposomal irinotecan (nal-IRI, or Onivyde)"
}
      [G1-FORMAT] ok, keys=['current_meds']
      [G2-SCHEMA] ok
    Treatment_Changes: 2.7s
      [EXTRACT] raw={
"recent_changes": "Resumed chemotherapy (cycle #5 of nal-IRI/5-FU/LV) on 03/29/2019.",
"supportive_meds": "HYDROcodone-acetaminophen (NORCO) 5-325 mg tablet 1-2 tabs q6 hours prn pain, loperamide (I
      [G1-FORMAT] ok, keys=['recent_changes', 'supportive_meds']
      [G2-SCHEMA] ok
  Phase 1 extraction (6 prompts): 17.8s
  Cross-context injected (1770 chars)
    Treatment_Goals: 0.8s
      [EXTRACT] raw={
"goals_of_treatment": "palliative",
"goals_description": "Not explicitly stated."
}
      [G1-FORMAT] ok, keys=['goals_of_treatment', 'goals_description']
      [G2-SCHEMA] ok
    Response_Assessment: 1.7s
      [EXTRACT] raw={
"response_assessment": "Overall stable disease, with slightly improving hepatic metastases and simultaneously stable to minimally enlarging peritoneal metastases. Cancer Antigen 19-9 elevated to 142
      [G1-FORMAT] ok, keys=['response_assessment']
      [G2-SCHEMA] ok
  Phase 2 extraction (2 prompts): 2.5s
  Total extraction: 20.3s
    Medication_Plan: 1.3s
      [EXTRACT] raw={
    "medication_plan": "Continue with 1 additional cycle of the same chemotherapy (5-FU/LV plus nanoliposomal irinotecan (Onivyde)), scheduled for tomorrow if laboratory parameters are acceptable. C
      [G1-FORMAT] ok, keys=['medication_plan']
      [G2-SCHEMA] ok
    Therapy_plan: 1.2s
      [EXTRACT] raw={
    "therapy_plan": "Continue with 1 additional cycle of the same chemotherapy (5-FU/LV plus nanoliposomal irinotecan) scheduled for tomorrow if laboratory parameters are acceptable. Consider clinic
      [G1-FORMAT] ok, keys=['therapy_plan']
      [G2-SCHEMA] ok
    radiotherapy_plan: 0.6s
      [EXTRACT] raw={
    "radiotherapy_plan": "We could also consider RT to his pancreatic primary, which would be primarily for palliative/QoL purposes rather than necessarily extending his longevity."
}
      [G1-FORMAT] ok, keys=['radiotherapy_plan']
      [G2-SCHEMA] ok
    Procedure_Plan: 0.7s
      [EXTRACT] raw={
    "procedure_plan": "We could also consider RT to his pancreatic primary, which would be primarily for palliative/QoL purposes rather than necessarily extending his longevity."
}
      [G1-FORMAT] ok, keys=['procedure_plan']
      [G2-SCHEMA] ok
    Imaging_Plan: 0.5s
      [EXTRACT] raw={
    "imaging_plan": "Short-term f/u CT scans to assess for evidence of further disease progression"
}
      [G1-FORMAT] ok, keys=['imaging_plan']
      [G2-SCHEMA] ok
    Lab_Plan: 0.6s
      [EXTRACT] raw={
    "lab_plan": "Continue with 1 additional cycle of the same chemotherapy (scheduled for tomorrow), with laboratory parameters to be assessed prior to administration."
}
      [G1-FORMAT] ok, keys=['lab_plan']
      [G2-SCHEMA] ok
    Genetic_Testing_Plan: 0.3s
      [EXTRACT] raw={
    "genetic_testing_plan": "None planned."
}
      [G1-FORMAT] ok, keys=['genetic_testing_plan']
      [G2-SCHEMA] ok
    follow_up_next_visit: 0.5s
      [EXTRACT] raw={
    "Next clinic visit": "in-person: short-term f/u CT scans to assess for evidence of further disease progression"
}
      [G1-FORMAT] ok, keys=['Next clinic visit']
      [G2-SCHEMA] ok
    Advance_care_planning: 0.3s
      [EXTRACT] raw={
    "Advance care": "Not discussed during this visit."
}
      [G1-FORMAT] ok, keys=['Advance care']
      [G2-SCHEMA] ok
  Plan extraction prompts: 6.0s
    Referral: 0.8s
      [EXTRACT] raw={
"Nutrition": "None",
"Genetics": "None",
"Specialty": "None",
"Others": "None",
"follow up": "short-term f/u CT scans to assess for evidence of further disease progression"
}
      [G1-FORMAT] ok, keys=['Nutrition', 'Genetics', 'Specialty', 'Others', 'follow up']
      [G2-SCHEMA] ok
  Referral extraction (full note): 0.8s
    Genetic_Testing_Results: 0.6s
      [EXTRACT] raw={
    "genetic_testing_results": "His tumor harbors KRAS (G12D) and p53 mutations."
}
      [G1-FORMAT] ok, keys=['genetic_testing_results']
      [G2-SCHEMA] ok
  Genetic_Testing_Results (full note): 0.6s
    [POST-THERAPY-SUPPLEMENT] Found therapy in A/P: ['irinotecan', '5-fu', 'trametinib']
    [POST-MEDICATION-SUPPLEMENT] Added missing meds: ['irinotecan']
    [POST-IMAGING] found in note: CT scan
    [POST-DISTMET] added empty Distant Metastasis field (general Metastasis is not an M1 proxy)
    [POST-METASTATIC-UPGRADE] confirmed current M1 evidence → Stage IV + distant met Yes (stage was '')
    [POST-MEDS-FINAL] '' → '5-FU, irinotecan' (added active 5-FU; added active irinotecan)
    [POST-MET-FINAL] '' → 'Not sure' (rebuilt from regional evidence and Distant ceiling)
    [POST-GENETIC-RESULTS-FINAL] normalized empty fallback: '' → 'No genetic testing results in note.'
  Row 2 total: 27.8s
  Row 2 saved to progress

Processing row 3 (4/20)...
  Trying regex extraction...
  Regex matched: 'ASSESSMENT:'
  Regex extraction succeeded (1146 chars)
  A/P extraction: 0.0s
    Reason_for_Visit: 1.7s
      [EXTRACT] raw={
"Patient type": "Follow up",
"second opinion": "no",
"in-person": "Televisit",
"summary": "Metastatic adenocarcinoma of the pancreas with continued good disease control on surveillance. The purpose 
      [G1-FORMAT] ok, keys=['Patient type', 'second opinion', 'in-person', 'summary']
      [G2-SCHEMA] ok
    Cancer_Diagnosis: 1.4s
      [EXTRACT] raw={
"Type_of_Cancer": "Adenocarcinoma of the pancreas",
"Stage_of_Cancer": "Locally advanced; Metastatic (Stage IV)",
"Distant Metastasis": "Yes, to liver",
"Metastasis": "Regional nodal involvement; Ye
      [G1-FORMAT] ok, keys=['Type_of_Cancer', 'Stage_of_Cancer', 'Distant Metastasis', 'Metastasis']
      [G2-SCHEMA] ok
    Lab_Results: 0.4s
      [EXTRACT] raw={
"lab_summary": "No labs in note."
}
      [G1-FORMAT] ok, keys=['lab_summary']
      [G2-SCHEMA] ok
    Clinical_Findings: 3.9s
      [EXTRACT] raw={
"findings": "CT Abdomen/Pelvis with Contrast (06/18/2021): Similar ill-defined pancreatic head mass measuring 4.2 x 3.6 cm with unchanged cystic component and ductal dilatation of the main pancreati
      [G1-FORMAT] ok, keys=['findings']
      [G2-SCHEMA] ok
    Current_Medications: 0.4s
      [EXTRACT] raw={
"current_meds": ""
}
      [G1-FORMAT] ok, keys=['current_meds']
      [G2-SCHEMA] ok
    Treatment_Changes: 0.8s
      [EXTRACT] raw={
"recent_changes": "",
"supportive_meds": "ondansetron (ZOFRAN) 8 mg tablet, pantoprazole (PROTONIX) 40 mg EC tablet"
}
      [G1-FORMAT] ok, keys=['recent_changes', 'supportive_meds']
      [G2-SCHEMA] ok
  Phase 1 extraction (6 prompts): 8.6s
  Cross-context injected (1528 chars)
    Treatment_Goals: 0.7s
      [EXTRACT] raw={
"goals_of_treatment": "surveillance",
"goals_description": "Not explicitly stated."
}
      [G1-FORMAT] ok, keys=['goals_of_treatment', 'goals_description']
      [G2-SCHEMA] ok
    Response_Assessment: 2.1s
      [EXTRACT] raw={
"response_assessment": "The cancer is currently showing stable disease. Evidence includes: CT Abdomen/Pelvis with Contrast (06/18/2021) showing no significant change in size of the ill-defined pancr
      [G1-FORMAT] ok, keys=['response_assessment']
      [G2-SCHEMA] ok
  Phase 2 extraction (2 prompts): 2.8s
  Total extraction: 11.4s
    Medication_Plan: 0.5s
      [EXTRACT] raw={
    "medication_plan": "None"
}
      [G1-FORMAT] ok, keys=['medication_plan']
      [G2-SCHEMA] ok
    Therapy_plan: 0.6s
      [EXTRACT] raw={
    "therapy_plan": "She'll continue on surveillance. Discussed future investigational therapies but no specific treatments were planned or started."
}
      [G1-FORMAT] ok, keys=['therapy_plan']
      [G2-SCHEMA] ok
    radiotherapy_plan: 0.3s
      [EXTRACT] raw={
    "radiotherapy_plan": "None"
}
      [G1-FORMAT] ok, keys=['radiotherapy_plan']
      [G2-SCHEMA] ok
    Procedure_Plan: 0.3s
      [EXTRACT] raw={
    "procedure_plan": "No procedures planned."
}
      [G1-FORMAT] ok, keys=['procedure_plan']
      [G2-SCHEMA] ok
    Imaging_Plan: 0.4s
      [EXTRACT] raw={
    "imaging_plan": "Follow-up CT scan in 2 months."
}
      [G1-FORMAT] ok, keys=['imaging_plan']
      [G2-SCHEMA] ok
    Lab_Plan: 0.3s
      [EXTRACT] raw={
    "lab_plan": "No labs planned."
}
      [G1-FORMAT] ok, keys=['lab_plan']
      [G2-SCHEMA] ok
    Genetic_Testing_Plan: 0.3s
      [EXTRACT] raw={
    "genetic_testing_plan": "None planned."
}
      [G1-FORMAT] ok, keys=['genetic_testing_plan']
      [G2-SCHEMA] ok
    follow_up_next_visit: 0.4s
      [EXTRACT] raw={
    "Next clinic visit": "telehealth: in 2 months with a follow-up CT scan"
}
      [G1-FORMAT] ok, keys=['Next clinic visit']
      [G2-SCHEMA] ok
    Advance_care_planning: 0.3s
      [EXTRACT] raw={
    "Advance care": "Not discussed during this visit."
}
      [G1-FORMAT] ok, keys=['Advance care']
      [G2-SCHEMA] ok
  Plan extraction prompts: 3.5s
    Referral: 2.6s
      [EXTRACT] raw={
"Nutrition": "None",
"Genetics": "None",
"Specialty": "None",
"Others": "None",
"follow up": "She'll continue on surveillance and we will see her back in 2 months with a follow-up CT scan."
}
      [G1-FORMAT] ok, keys=['Nutrition', 'Genetics', 'Specialty', 'Others', 'follow up']
      [G2-SCHEMA] ok
  Referral extraction (full note): 2.6s
    Genetic_Testing_Results: 0.6s
      [EXTRACT] raw={
    "genetic_testing_results": "Patient does not express CA-19-9."
}
      [G1-FORMAT] ok, keys=['genetic_testing_results']
      [G2-SCHEMA] ok
  Genetic_Testing_Results (full note): 0.6s
    [POST-VISIT-TYPE] Corrected: → Televisit (video/telehealth in note)
    [POST-IMAGING] found in note: CT scan
    [POST-NONSECRETOR] recorded CA 19-9 non-secretor status
    [POST-DISTMET] added empty Distant Metastasis field (general Metastasis is not an M1 proxy)
    [POST-METASTATIC-UPGRADE] confirmed current M1 evidence → Stage IV + distant met Yes (stage was '')
    [POST-MET-FINAL] '' → 'Not sure' (rebuilt from regional evidence and Distant ceiling)
    [POST-GENETIC-RESULTS-FINAL] normalized empty fallback: '' → 'No genetic testing results in note.'
  Row 3 total: 18.1s
  Row 3 saved to progress

Processing row 4 (5/20)...
  Injected 1 term definitions: ['stable disease']
  Trying regex extraction...
  Regex matched: 'ASSESSMENT AND PLAN:'
  Regex extraction succeeded (3180 chars)
  A/P extraction: 0.0s
    Reason_for_Visit: 2.8s
      [EXTRACT] raw={
"Patient type": "follow up",
"second opinion": "no",
"in-person": "Televisit",
"summary": "Mr. [REDACTED] is a 53 y.o. male who returns to our GI Oncology practice at the UCSF Comprehensive Cancer C
      [G1-FORMAT] ok, keys=['Patient type', 'second opinion', 'in-person', 'summary']
      [G2-SCHEMA] ok
    Cancer_Diagnosis: 1.7s
      [EXTRACT] raw={
"Type_of_Cancer": "Adenocarcinoma of the pancreas with biopsy-proven oligo metastatic disease in the abdominal wall",
"Stage_of_Cancer": "Metastatic (Stage IV)",
"Distant Metastasis": "Yes, to abdom
      [G1-FORMAT] ok, keys=['Type_of_Cancer', 'Stage_of_Cancer', 'Distant Metastasis', 'Metastasis']
      [G2-SCHEMA] ok
    Lab_Results: 2.1s
      [EXTRACT] raw={
"lab_summary": "WBC Count 6.4, Neutrophil Absolute Count 4.18, Hemoglobin 11.4 (L), Hematocrit 35.4 (L), Platelet Count 126 (L), Creatinine 0.74, Bilirubin, Total 0.4, Alkaline Phosphatase 160 (H), 
      [G1-FORMAT] ok, keys=['lab_summary']
      [G2-SCHEMA] ok
    Clinical_Findings: 4.0s
      [EXTRACT] raw={
"findings": "Mr. [REDACTED] has completed 12 cycles of FOLFIRINOX from February 2019 to August 2019 and is currently on a chemotherapy break. Restaging CT is planned for 11/19/19. Recent imaging fin
      [G1-FORMAT] ok, keys=['findings']
      [G2-SCHEMA] ok
    Current_Medications: 0.4s
      [EXTRACT] raw={
"current_meds": ""
}
      [G1-FORMAT] ok, keys=['current_meds']
      [G2-SCHEMA] ok
    Treatment_Changes: 0.9s
      [EXTRACT] raw={
"recent_changes": "Treatment held (Cycle 10) d/t thrombocytopenia (PLT 95)",
"supportive_meds": "ondansetron (ZOFRAN), Creon, rivaroxaban (XARELTO)"
}
      [G1-FORMAT] ok, keys=['recent_changes', 'supportive_meds']
      [G2-SCHEMA] ok
  Phase 1 extraction (6 prompts): 12.1s
  Cross-context injected (1430 chars)
    Treatment_Goals: 0.7s
      [EXTRACT] raw={
"goals_of_treatment": "palliative",
"goals_description": "Not explicitly stated."
}
      [G1-FORMAT] ok, keys=['goals_of_treatment', 'goals_description']
      [G2-SCHEMA] ok
    Response_Assessment: 2.1s
      [EXTRACT] raw={
"response_assessment": "The cancer is currently showing stable disease. This is based on the CT CAP scan on 09/10/19, which showed stable disease in the pancreas and abdominal wall lesion. Additiona
      [G1-FORMAT] ok, keys=['response_assessment']
      [G2-SCHEMA] ok
  Phase 2 extraction (2 prompts): 2.8s
  Total extraction: 14.9s
    Medication_Plan: 2.1s
      [EXTRACT] raw={
    "medication_plan": "Continue xarelto QD, Continue Creon to 2 or 3 tab/meal and 1 tab/snack, Cont Oxycontin 10mg PO bid, Oxycodone 5 to 10mg PO q4h prn BTP (can cut 10mg tabs in half), Continue f
      [G1-FORMAT] ok, keys=['medication_plan']
      [G2-SCHEMA] ok
    Therapy_plan: 1.0s
      [EXTRACT] raw={
    "therapy_plan": "Patient has completed 12 cycles of FOLFIRINOX from February 2019 - August 2019, and is currently on chemotherapy break. There is no mention of starting a new therapy or continui
      [G1-FORMAT] ok, keys=['therapy_plan']
      [G2-SCHEMA] ok
    radiotherapy_plan: 0.7s
      [EXTRACT] raw={
    "radiotherapy_plan": "Discussed the role of palliative radiation therapy to his pancreas mass and why Dr. [REDACTED] has not recommended radiation at this time."
}
      [G1-FORMAT] ok, keys=['radiotherapy_plan']
      [G2-SCHEMA] ok
    Procedure_Plan: 0.5s
      [EXTRACT] raw={
    "procedure_plan": "restaging CT planned for 11/19/19"
}
      [G1-FORMAT] ok, keys=['procedure_plan']
      [G2-SCHEMA] ok
    Imaging_Plan: 0.5s
      [EXTRACT] raw={
    "imaging_plan": "Restaging CT planned for 11/19/19."
}
      [G1-FORMAT] ok, keys=['imaging_plan']
      [G2-SCHEMA] ok
    Lab_Plan: 0.5s
      [EXTRACT] raw={
    "lab_plan": "Will have patient complete labs to rule out diabetes: blood glucose and Hemoglobin A1C"
}
      [G1-FORMAT] ok, keys=['lab_plan']
      [G2-SCHEMA] ok
    Genetic_Testing_Plan: 0.5s
      [EXTRACT] raw={
    "genetic_testing_plan": "Foundation Medicine liquid biopsy results are mentioned but no future genetic or molecular testing is planned."
}
      [G1-FORMAT] ok, keys=['genetic_testing_plan']
      [G2-SCHEMA] ok
    follow_up_next_visit: 0.6s
      [EXTRACT] raw={
    "Next clinic visit": "in-person: 11/21/19 to see Dr. [REDACTED] or sooner if indicated"
}
      [G1-FORMAT] ok, keys=['Next clinic visit']
      [G2-SCHEMA] ok
    Advance_care_planning: 1.4s
      [EXTRACT] raw={
    "Advance care": "Discussed with: [REDACTED] [REDACTED], NP. Surrogate decision maker: Identified and documented: [REDACTED] [REDACTED] (1st); [REDACTED] [REDACTED] (2nd). Life sustaining treatme
      [G1-FORMAT] ok, keys=['Advance care']
      [G2-SCHEMA] ok
  Plan extraction prompts: 7.7s
    Referral: 1.7s
      [EXTRACT] raw={
"Nutrition": "Followed by Cancer Center Nutritionist [REDACTED] [REDACTED], [REDACTED]",
"Genetics": "None",
"Specialty": "Reviewed by Pancreas Tumor Board; Followed by SMS, Dr. [REDACTED] [REDACTED
      [G1-FORMAT] ok, keys=['Nutrition', 'Genetics', 'Specialty', 'Others', 'follow up']
      [G2-SCHEMA] ok
  Referral extraction (full note): 1.7s
    Genetic_Testing_Results: 0.6s
      [EXTRACT] raw={
    "genetic_testing_results": "MSI Status Undetermined, RB1 P26fs*47"
}
      [G1-FORMAT] ok, keys=['genetic_testing_results']
      [G2-SCHEMA] ok
  Genetic_Testing_Results (full note): 0.6s
    [POST-VISIT-TYPE] Corrected: → Televisit (video/telehealth in note)
    [POST-MEDICATION-SUPPLEMENT] Added missing meds: ['creon']
    [POST-STAGE-ABBREV] Found stage abbreviation in A/P: 'stage iv' → 'Stage IV'
    [POST-DISTMET] added empty Distant Metastasis field (general Metastasis is not an M1 proxy)
    [POST-METASTATIC-UPGRADE] confirmed current M1 evidence → Stage IV + distant met Yes (stage was '')
    [POST-SUPP-SUPPLEMENT] recovered supportive meds: ['Creon (pancreatic enzyme)', 'Xarelto']
    [POST-MEDS-IV-CHECK] Added from A/P: folfirinox
    [POST-MET-FINAL] '' → 'Not sure' (rebuilt from regional evidence and Distant ceiling)
    [POST-GENETIC-RESULTS-FINAL] normalized empty fallback: '' → 'No genetic testing results in note.'
  Row 4 total: 24.9s
  Row 4 saved to progress

Processing row 5 (6/20)...
  Injected 1 term definitions: ['adjuvant chemotherapy']
  Trying regex extraction...
  Regex matched: 'Assessment:'
  Regex extraction succeeded (539 chars)
  A/P extraction: 0.0s
    Reason_for_Visit: 2.3s
      [EXTRACT] raw={
"Patient type": "Follow up",
"second opinion": "no",
"in-person": "in-person",
"summary": "The patient has locally advanced adenocarcinoma of the pancreas, s/p neoadjuvant chemotherapy followed by r
      [G1-FORMAT] ok, keys=['Patient type', 'second opinion', 'in-person', 'summary']
      [G2-SCHEMA] ok
    Cancer_Diagnosis: 1.5s
      [EXTRACT] raw={
"Type_of_Cancer": "Adenocarcinoma of the pancreas",
"Stage_of_Cancer": "Originally Stage IIB, now metastatic (Stage IV)",
"Distant Metastasis": "Yes, to liver",
"Metastasis": "Radiographically invol
      [G1-FORMAT] ok, keys=['Type_of_Cancer', 'Stage_of_Cancer', 'Distant Metastasis', 'Metastasis']
      [G2-SCHEMA] ok
    Lab_Results: 2.8s
      [EXTRACT] raw={
"lab_summary": "WBC Count 5.7, RBC Count 3.57, Hemoglobin 9.5, Hematocrit 30.5, MCV 85, MCH 26.6, MCHC 31.1, Platelet Count 171, Neutrophil Absolute Count 3.19, Lymphocyte Abs Cnt 1.60, Monocyte Abs
      [G1-FORMAT] ok, keys=['lab_summary']
      [G2-SCHEMA] ok
    Clinical_Findings: 5.3s
      [EXTRACT] raw={
"findings": "Postoperative pathology after pylorus-preserving pancreatectomy with open cholecystectomy and vascular resection revealed a 1.7 cm residual tumor mass with 51-90% of tumor cells destroy
      [G1-FORMAT] ok, keys=['findings']
      [G2-SCHEMA] ok
    Current_Medications: 0.4s
      [EXTRACT] raw={
"current_meds": ""
}
      [G1-FORMAT] ok, keys=['current_meds']
      [G2-SCHEMA] ok
    Treatment_Changes: 0.4s
      [EXTRACT] raw={
"recent_changes": "",
"supportive_meds": ""
}
      [G1-FORMAT] ok, keys=['recent_changes', 'supportive_meds']
      [G2-SCHEMA] ok
  Phase 1 extraction (6 prompts): 12.8s
  Cross-context injected (1451 chars)
    Treatment_Goals: 0.7s
      [EXTRACT] raw={
"goals_of_treatment": "palliative",
"goals_description": "Not explicitly stated."
}
      [G1-FORMAT] ok, keys=['goals_of_treatment', 'goals_description']
      [G2-SCHEMA] ok
    Response_Assessment: 2.0s
      [EXTRACT] raw={
"response_assessment": "The cancer is showing early signs of recurrence. Imaging studies reveal an interval increase in size of a 14 mm hypodense lesion in segment March 14 (previously 9 mm) and a n
      [G1-FORMAT] ok, keys=['response_assessment']
      [G2-SCHEMA] ok
  Phase 2 extraction (2 prompts): 2.8s
  Total extraction: 15.6s
    Medication_Plan: 0.4s
      [EXTRACT] raw={
    "medication_plan": "None"
}
      [G1-FORMAT] ok, keys=['medication_plan']
      [G2-SCHEMA] ok
    Therapy_plan: 0.5s
      [EXTRACT] raw={
    "therapy_plan": "We will seek a confirmatory biopsy if indicated. No specific current or future therapy plan mentioned."
}
      [G1-FORMAT] ok, keys=['therapy_plan']
      [G2-SCHEMA] ok
    radiotherapy_plan: 0.3s
      [EXTRACT] raw={
    "radiotherapy_plan": "None"
}
      [G1-FORMAT] ok, keys=['radiotherapy_plan']
      [G2-SCHEMA] ok
    Procedure_Plan: 0.5s
      [EXTRACT] raw={
    "procedure_plan": "We will repeat her scans in 2 months. If indicated, we will seek a confirmatory biopsy."
}
      [G1-FORMAT] ok, keys=['procedure_plan']
      [G2-SCHEMA] ok
    Imaging_Plan: 0.4s
      [EXTRACT] raw={
    "imaging_plan": "Repeat her scans in 2 months."
}
      [G1-FORMAT] ok, keys=['imaging_plan']
      [G2-SCHEMA] ok
    Lab_Plan: 0.3s
      [EXTRACT] raw={
    "lab_plan": "No labs planned."
}
      [G1-FORMAT] ok, keys=['lab_plan']
      [G2-SCHEMA] ok
    Genetic_Testing_Plan: 0.3s
      [EXTRACT] raw={
    "genetic_testing_plan": "None planned."
}
      [G1-FORMAT] ok, keys=['genetic_testing_plan']
      [G2-SCHEMA] ok
    follow_up_next_visit: 0.4s
      [EXTRACT] raw={
    "Next clinic visit": "in-person: 2 months for repeat scans"
}
      [G1-FORMAT] ok, keys=['Next clinic visit']
      [G2-SCHEMA] ok
    Advance_care_planning: 0.3s
      [EXTRACT] raw={
    "Advance care": "Not discussed during this visit."
}
      [G1-FORMAT] ok, keys=['Advance care']
      [G2-SCHEMA] ok
  Plan extraction prompts: 3.4s
    Referral: 0.9s
      [EXTRACT] raw={
"Nutrition": "None",
"Genetics": "None",
"Specialty": "None",
"Others": "recommend pelvic ultrasound to exclude malignancy.",
"follow up": "We will repeat her scans in 2 months. If indicated, we wil
      [G1-FORMAT] ok, keys=['Nutrition', 'Genetics', 'Specialty', 'Others', 'follow up']
      [G2-SCHEMA] ok
  Referral extraction (full note): 0.9s
    Genetic_Testing_Results: 0.5s
      [EXTRACT] raw={
    "genetic_testing_results": "No genetic testing results in note."
}
      [G1-FORMAT] ok, keys=['genetic_testing_results']
      [G2-SCHEMA] ok
  Genetic_Testing_Results (full note): 0.5s
    [POST-IMAGING] found in note: Ultrasound
    [POST-STAGE-LOCALLY-ADVANCED] descriptive extent retained → 'Locally advanced (unresectable)'
    [POST-DISTMET] added empty Distant Metastasis field (general Metastasis is not an M1 proxy)
    [POST-MET-FINAL] '' → 'Not sure' (rebuilt from regional evidence and Distant ceiling)
    [POST-GENETIC-RESULTS-FINAL] normalized empty fallback: '' → 'No genetic testing results in note.'
  Row 5 total: 20.4s
  Row 5 saved to progress

Processing row 6 (7/20)...
  Injected 1 term definitions: ['adjuvant chemotherapy']
  Trying regex extraction...
  Regex matched: 'ASSESSMENT:'
  Regex extraction succeeded (1235 chars)
  A/P extraction: 0.0s
    Reason_for_Visit: 2.2s
      [EXTRACT] raw={
"Patient type": "Follow up",
"second opinion": "no",
"in-person": "Televisit",
"summary": "Adenocarcinoma of the tail of the pancreas with local extension. The patient is undergoing neoadjuvant chem
      [G1-FORMAT] ok, keys=['Patient type', 'second opinion', 'in-person', 'summary']
      [G2-SCHEMA] ok
    Cancer_Diagnosis: 1.8s
      [EXTRACT] raw={
  "Type_of_Cancer": "Adenocarcinoma of the tail of the pancreas",
  "Stage_of_Cancer": "Not staged in note",
  "Distant Metastasis": "No",
  "Metastasis": "Local extension to the left adrenal gland,
      [G1-FORMAT] ok, keys=['Type_of_Cancer', 'Stage_of_Cancer', 'Distant Metastasis', 'Metastasis']
      [G2-SCHEMA] ok
    Lab_Results: 4.2s
      [EXTRACT] raw={
"lab_summary": "Alkaline Phosphatase 71 U/L, Bilirubin, Total 0.4 mg/dL, Alanine Transaminase 31 U/L, Aspartate Transaminase 30 U/L, Creatinine 0.56 mg/dL, Urea Nitrogen, Serum / Plasma 11 mg/dL, WB
      [G1-FORMAT] ok, keys=['lab_summary']
      [G2-SCHEMA] ok
    Clinical_Findings: 2.4s
      [EXTRACT] raw={
"findings": "Pancreatic tumor in the tail measuring 4.2 x 4 cm, hypoenhancing with areas of calcifications. The mass abuts the hilum of the spleen and the left adrenal gland. Splenic artery involvem
      [G1-FORMAT] ok, keys=['findings']
      [G2-SCHEMA] ok
    Current_Medications: 0.6s
      [EXTRACT] raw={
"current_meds": "gemcitabine, Abraxane"
}
      [G1-FORMAT] ok, keys=['current_meds']
      [G2-SCHEMA] ok
    Treatment_Changes: 0.8s
      [EXTRACT] raw={
"recent_changes": "Switched from standard schedule gemcitabine and Abraxane to alternate week due to neutropenia.",
"supportive_meds": "ondansetron, lorazepam"
}
      [G1-FORMAT] ok, keys=['recent_changes', 'supportive_meds']
      [G2-SCHEMA] ok
  Phase 1 extraction (6 prompts): 12.0s
  Cross-context injected (1268 chars)
    Treatment_Goals: 0.7s
      [EXTRACT] raw={
"goals_of_treatment": "curative",
"goals_description": "Not explicitly stated."
}
      [G1-FORMAT] ok, keys=['goals_of_treatment', 'goals_description']
      [G2-SCHEMA] ok
    Response_Assessment: 1.7s
      [EXTRACT] raw={
"response_assessment": "The cancer is showing radiographic evidence of response to treatment. Specifically, there is a slight decrease in the size of the pancreatic tail mass compared to previous im
      [G1-FORMAT] ok, keys=['response_assessment']
      [G2-SCHEMA] ok
  Phase 2 extraction (2 prompts): 2.5s
  Total extraction: 14.4s
    Medication_Plan: 0.6s
      [EXTRACT] raw={
    "medication_plan": "Will continue on with treatment without dose or schedule modification."
}
      [G1-FORMAT] ok, keys=['medication_plan']
      [G2-SCHEMA] ok
    Therapy_plan: 0.5s
      [EXTRACT] raw={
    "therapy_plan": "Will continue on with treatment without dose or schedule modification."
}
      [G1-FORMAT] ok, keys=['therapy_plan']
      [G2-SCHEMA] ok
    radiotherapy_plan: 0.3s
      [EXTRACT] raw={
    "radiotherapy_plan": "None"
}
      [G1-FORMAT] ok, keys=['radiotherapy_plan']
      [G2-SCHEMA] ok
    Procedure_Plan: 0.3s
      [EXTRACT] raw={
    "procedure_plan": "No procedures planned."
}
      [G1-FORMAT] ok, keys=['procedure_plan']
      [G2-SCHEMA] ok
    Imaging_Plan: 0.5s
      [EXTRACT] raw={
    "imaging_plan": "Will repeat her imaging again in 8 weeks."
}
      [G1-FORMAT] ok, keys=['imaging_plan']
      [G2-SCHEMA] ok
    Lab_Plan: 0.3s
      [EXTRACT] raw={
    "lab_plan": "No labs planned."
}
      [G1-FORMAT] ok, keys=['lab_plan']
      [G2-SCHEMA] ok
    Genetic_Testing_Plan: 0.3s
      [EXTRACT] raw={
    "genetic_testing_plan": "None planned."
}
      [G1-FORMAT] ok, keys=['genetic_testing_plan']
      [G2-SCHEMA] ok
    follow_up_next_visit: 0.4s
      [EXTRACT] raw={
    "Next clinic visit": "telehealth: 8 weeks for repeat imaging"
}
      [G1-FORMAT] ok, keys=['Next clinic visit']
      [G2-SCHEMA] ok
    Advance_care_planning: 0.3s
      [EXTRACT] raw={
    "Advance care": "Not discussed during this visit."
}
      [G1-FORMAT] ok, keys=['Advance care']
      [G2-SCHEMA] ok
  Plan extraction prompts: 3.5s
    Referral: 1.1s
      [EXTRACT] raw={
"Nutrition": "None",
"Genetics": "None",
"Specialty": "She has been seen by Gyn Onc regarding the right adnexal mass.",
"Others": "None",
"follow up": "Will continue on with treatment without dose o
      [G1-FORMAT] ok, keys=['Nutrition', 'Genetics', 'Specialty', 'Others', 'follow up']
      [G2-SCHEMA] ok
  Referral extraction (full note): 1.1s
    Genetic_Testing_Results: 0.8s
      [EXTRACT] raw={
    "genetic_testing_results": "Germ line testing showed no pathologic variants. VUS seen in AXIN1, CTC1, ERCC4, MC1R."
}
      [G1-FORMAT] ok, keys=['genetic_testing_results']
      [G2-SCHEMA] ok
  Genetic_Testing_Results (full note): 0.8s
    [POST-VISIT-TYPE] Corrected: → Televisit (video/telehealth in note)
    [POST-THERAPY-NONE-FIX] therapy_plan was None but A/P continues treatment → 'Continue current treatment without dose or schedul'
    [POST-IMAGING] found in note: CT Chest
    [POST-STAGE-LOCALLY-ADVANCED] descriptive extent retained → 'Locally advanced (unresectable)'
    [POST-DISTMET] added empty Distant Metastasis field (general Metastasis is not an M1 proxy)
    [POST-MEDS-FINAL] '' → 'gemcitabine, abraxane' (bound unnamed continuation to the only viable recent regimen; added active gemcitabine; added active abraxane)
    [POST-MET-FINAL] '' → 'Not sure' (rebuilt from regional evidence and Distant ceiling)
    [POST-GENETIC-RESULTS-FINAL] normalized empty fallback: '' → 'No genetic testing results in note.'
  Row 6 total: 19.9s
  Row 6 saved to progress

Processing row 7 (8/20)...
  Trying regex extraction...
  Regex matched: 'Impression and Recommendations:'
  Regex extraction succeeded (3758 chars)
  A/P extraction: 0.0s
    Reason_for_Visit: 4.5s
      [EXTRACT] raw={
"Patient type": "New patient",
"second opinion": "no",
"in-person": "in-person",
"summary": "Ms. [REDACTED] is a 69 y.o. female with recurrent metastatic pancreatic adenocarcinoma who comes to our G
      [G1-FORMAT] ok, keys=['Patient type', 'second opinion', 'in-person', 'summary']
      [G2-SCHEMA] ok
    Cancer_Diagnosis: 2.0s
      [EXTRACT] raw={
  "Type_of_Cancer": "Poorly differentiated pancreatic ductal adenocarcinoma with lymphovascular invasion",
  "Stage_of_Cancer": "pT2N2, now metastatic (Stage IV)",
  "Distant_Metastasis": "Yes, to i
      [G1-FORMAT] ok, keys=['Type_of_Cancer', 'Stage_of_Cancer', 'Distant Metastasis', 'Metastasis']
      [G2-SCHEMA] ok
    Lab_Results: 1.2s
      [EXTRACT] raw={
"lab_summary": "WBC 5, Hb 10.7, plt 137, Cr 0.67, ALT 70, AST 66, ALP 522, Total bili 0.5, alb 4, CA 19-9 61"
}
      [G1-FORMAT] ok, keys=['lab_summary']
      [G2-SCHEMA] ok
    Clinical_Findings: 4.2s
      [EXTRACT] raw={
"findings": "Pathology: Metastatic adenocarcinoma confirmed via EUS-guided sampling of an 18 mm lymph node in the gastrohepatic ligament region (09/12/20). Imaging: CT C/A/P (10/24/20) shows mildly 
      [G1-FORMAT] ok, keys=['findings']
      [G2-SCHEMA] ok
    Current_Medications: 0.6s
      [EXTRACT] raw={
"current_meds": "gemcitabine, nab-paclitaxel"
}
      [G1-FORMAT] ok, keys=['current_meds']
      [G2-SCHEMA] ok
    Treatment_Changes: 0.8s
      [EXTRACT] raw={
"recent_changes": "",
"supportive_meds": "morphine (MS Contin) 15 mg controlled release tablet, amylase-lipase-protease (Creon 24,000)"
}
      [G1-FORMAT] ok, keys=['recent_changes', 'supportive_meds']
      [G2-SCHEMA] ok
  Phase 1 extraction (6 prompts): 13.3s
  Cross-context injected (1712 chars)
    Treatment_Goals: 1.3s
      [EXTRACT] raw={
"goals_of_treatment": "palliative",
"goals_description": "The mainstay of treatment should consist of systemic therapy with the goal of achieving as deep and durable a remission as possible, hopeful
      [G1-FORMAT] ok, keys=['goals_of_treatment', 'goals_description']
      [G2-SCHEMA] ok
    Response_Assessment: 1.9s
      [EXTRACT] raw={
"response_assessment": "The cancer is showing a favorable treatment response. Evidence includes: CT C/A/P (10/24/20) showing mildly decreased size of intra-abdominal lymph nodes which have become le
      [G1-FORMAT] ok, keys=['response_assessment']
      [G2-SCHEMA] ok
  Phase 2 extraction (2 prompts): 3.1s
  Total extraction: 16.4s
    Medication_Plan: 1.4s
      [EXTRACT] raw={
    "medication_plan": "Continue on gemcitabine/nab-paclitaxel with an every other week dosing schedule while tolerating it adequately, aiming to treat to maximal radiographic/biochemical response o
      [G1-FORMAT] ok, keys=['medication_plan']
      [G2-SCHEMA] ok
    Therapy_plan: 2.6s
      [EXTRACT] raw={
    "therapy_plan": "Continue on gemcitabine/nab-paclitaxel with an every other week dosing schedule while tolerating it adequately, aiming to treat to maximal radiographic/biochemical response or a
      [G1-FORMAT] ok, keys=['therapy_plan']
      [G2-SCHEMA] ok
    radiotherapy_plan: 0.9s
      [EXTRACT] raw={
    "radiotherapy_plan": "We talked about the role for radiation treatment to address any residual disease; it can be offered for palliative purposes or to treat isolated recurrences, but would not 
      [G1-FORMAT] ok, keys=['radiotherapy_plan']
      [G2-SCHEMA] ok
    Procedure_Plan: 0.3s
      [EXTRACT] raw={
    "procedure_plan": "No procedures planned."
}
      [G1-FORMAT] ok, keys=['procedure_plan']
      [G2-SCHEMA] ok
    Imaging_Plan: 0.4s
      [EXTRACT] raw={
    "imaging_plan": "No imaging planned."
}
      [G1-FORMAT] ok, keys=['imaging_plan']
      [G2-SCHEMA] ok
    Lab_Plan: 0.3s
      [EXTRACT] raw={
    "lab_plan": "No labs planned."
}
      [G1-FORMAT] ok, keys=['lab_plan']
      [G2-SCHEMA] ok
    Genetic_Testing_Plan: 0.5s
      [EXTRACT] raw={
    "genetic_testing_plan": "A FoundationOne panel has been requested for somatic tumor profiling."
}
      [G1-FORMAT] ok, keys=['genetic_testing_plan']
      [G2-SCHEMA] ok
    follow_up_next_visit: 0.4s
      [EXTRACT] raw={
    "Next clinic visit": "in-person: at her request or as clinically indicated"
}
      [G1-FORMAT] ok, keys=['Next clinic visit']
      [G2-SCHEMA] ok
    Advance_care_planning: 0.3s
      [EXTRACT] raw={
    "Advance care": "Not discussed during this visit."
}
      [G1-FORMAT] ok, keys=['Advance care']
      [G2-SCHEMA] ok
  Plan extraction prompts: 7.0s
    Referral: 1.7s
      [EXTRACT] raw={
"Nutrition": "None",
"Genetics": "None",
"Specialty": "Consultation for her recurrent metastatic pancreatic adenocarcinoma at the UCSF Comprehensive Cancer Center",
"Others": "None",
"follow up": "W
      [G1-FORMAT] ok, keys=['Nutrition', 'Genetics', 'Specialty', 'Others', 'follow up']
      [G2-SCHEMA] ok
  Referral extraction (full note): 1.7s
    Genetic_Testing_Results: 0.6s
      [EXTRACT] raw={
    "genetic_testing_results": "Germline ATM mutation. MMR proteins all intact by IHC."
}
      [G1-FORMAT] ok, keys=['genetic_testing_results']
      [G2-SCHEMA] ok
  Genetic_Testing_Results (full note): 0.6s
    [POST-THERAPY-SUPPLEMENT] Found therapy in A/P: ['gemcitabine', 'nab-paclitaxel', 'irinotecan', '5-fu']
    [POST-MEDICATION-SUPPLEMENT] Added missing meds: ['gemcitabine', 'nab-paclitaxel']
    [POST-GENETICS-SEARCH] found in full note: ['germline']
    [POST-STAGE-CTNM] filled empty stage from TNM in note: 'pT2N2'
    [POST-STAGE-LOCALLY-ADVANCED] descriptive extent retained → 'Locally advanced (unresectable)'
    [POST-DISTMET] added empty Distant Metastasis field (general Metastasis is not an M1 proxy)
    [POST-RESPONSE-SURVEILLANCE] resected + surveillance, no active tx → surveillance statement
    [POST-SUPP-SUPPLEMENT] recovered supportive meds: ['Creon (pancreatic enzyme)']
    [POST-MEDS-IV-CHECK] Added from A/P: gemcitabine
    [POST-MEDS-FINAL] '' → 'gemcitabine, abraxane' (bound unnamed continuation to the only viable recent regimen; added active gemcitabine; added active abraxane)
    [POST-MET-FINAL] '' → 'Yes, historical pathologically confirmed regional lymph-node involvement (N2)' (rebuilt from regional evidence and Distant ceiling)
    [POST-GENETIC-RESULTS-FINAL] normalized empty fallback; recovered completed MMR result from source: '' → 'MMR proteins intact by IHC (pMMR).'
  Row 7 total: 25.8s
  Row 7 saved to progress

Processing row 8 (9/20)...
  Injected 3 term definitions: ['stable disease', 'lumpectomy', 'FISH']
  Trying regex extraction...
  Regex failed, falling back to LLM extraction...
  LLM Extraction Attempt 1...
  Running LLM Sanity Check...
  Success on attempt 1 (Verified by LLM, 758 chars)
  A/P extraction: 4.9s
    Reason_for_Visit: 2.8s
      [EXTRACT] raw={
"Patient type": "Follow up",
"second opinion": "no",
"in-person": "in-person",
"summary": "71 y.o. female with metastatic pancreatic cancer presenting for evaluation of her metastatic pancreatic can
      [G1-FORMAT] ok, keys=['Patient type', 'second opinion', 'in-person', 'summary']
      [G2-SCHEMA] ok
    Cancer_Diagnosis: 3.3s
      [EXTRACT] raw={
  "Type_of_Cancer": "Metastatic pancreatic cancer",
  "Stage_of_Cancer": "Metastatic (Stage IV)",
  "Distant_Metastasis": "Yes, to lungs",
  "Metastasis": "Regional nodal involvement and distant met
      [G1-FORMAT] ok, keys=['Type_of_Cancer', 'Stage_of_Cancer', 'Distant Metastasis', 'Metastasis']
      [G2-SCHEMA] ok
    Lab_Results: 2.7s
      [EXTRACT] raw={
"lab_summary": "WBC Count 5.3, Neutrophil Absolute Count 3.56, Hemoglobin 10.1 (L), Hematocrit 32.1 (L), Platelet Count 159, Creatinine 0.51, Sodium, Serum / Plasma 136, Potassium, Serum / Plasma 4.
      [G1-FORMAT] ok, keys=['lab_summary']
      [G2-SCHEMA] ok
    Clinical_Findings: 5.3s
      [EXTRACT] raw={
"findings": "Imaging findings: CT Chest abd pelvis 07/14/2018 shows unchanged size and number of bilateral pulmonary nodules consistent with treated metastases. Interval decrease in size of hypoatte
      [G1-FORMAT] ok, keys=['findings']
      [G2-SCHEMA] ok
    Current_Medications: 0.6s
      [EXTRACT] raw={
"current_meds": "Gemcitabine, Abraxane"
}
      [G1-FORMAT] ok, keys=['current_meds']
      [G2-SCHEMA] ok
    Treatment_Changes: 1.1s
      [EXTRACT] raw={
"recent_changes": "Further reduced abraxane today. Recheck neuropathy in 2 weeks.",
"supportive_meds": "lorazepam (ativan), metoclopramide HCl (reglan), olanzapine (zyrxea), mirtazapine (remeron), c
      [G1-FORMAT] ok, keys=['recent_changes', 'supportive_meds']
      [G2-SCHEMA] ok
  Phase 1 extraction (6 prompts): 15.9s
  Cross-context injected (1734 chars)
    Treatment_Goals: 0.8s
      [EXTRACT] raw={
"goals_of_treatment": "palliative",
"goals_description": "Not explicitly stated."
}
      [G1-FORMAT] ok, keys=['goals_of_treatment', 'goals_description']
      [G2-SCHEMA] ok
    Response_Assessment: 2.2s
      [EXTRACT] raw={
"response_assessment": "Metastatic pancreatic cancer is currently responding to gemcitabine and abraxane with stable disease. Evidence includes CT Chest abd pelvis 07/14/2018 showing unchanged size 
      [G1-FORMAT] ok, keys=['response_assessment']
      [G2-SCHEMA] ok
  Phase 2 extraction (2 prompts): 3.0s
  Total extraction: 18.9s
    Medication_Plan: 0.8s
      [EXTRACT] raw={
    "medication_plan": "Further reduced abraxane today. Remeron started today. Continue GOO stent for nausea/vomiting."
}
      [G1-FORMAT] ok, keys=['medication_plan']
      [G2-SCHEMA] ok
    Therapy_plan: 0.8s
      [EXTRACT] raw={
    "therapy_plan": "Metastatic pancreatic cancer. Responding to gem abraxane with stable disease but experiencing neuropathy. Abraxane dose further reduced today. Recheck neuropathy in 2 weeks."
}
      [G1-FORMAT] ok, keys=['therapy_plan']
      [G2-SCHEMA] ok
    radiotherapy_plan: 0.3s
      [EXTRACT] raw={
    "radiotherapy_plan": "None"
}
      [G1-FORMAT] ok, keys=['radiotherapy_plan']
      [G2-SCHEMA] ok
    Procedure_Plan: 0.4s
      [EXTRACT] raw={
    "procedure_plan": "GOO stented and stable for now."
}
      [G1-FORMAT] ok, keys=['procedure_plan']
      [G2-SCHEMA] ok
    Imaging_Plan: 0.5s
      [EXTRACT] raw={
    "imaging_plan": "CT scan on next end of September 22."
}
      [G1-FORMAT] ok, keys=['imaging_plan']
      [G2-SCHEMA] ok
    Lab_Plan: 0.3s
      [EXTRACT] raw={
    "lab_plan": "No labs planned."
}
      [G1-FORMAT] ok, keys=['lab_plan']
      [G2-SCHEMA] ok
    Genetic_Testing_Plan: 0.3s
      [EXTRACT] raw={
    "genetic_testing_plan": "None planned."
}
      [G1-FORMAT] ok, keys=['genetic_testing_plan']
      [G2-SCHEMA] ok
    follow_up_next_visit: 0.4s
      [EXTRACT] raw={
    "Next clinic visit": "in-person: in 2 weeks for neuropathy check"
}
      [G1-FORMAT] ok, keys=['Next clinic visit']
      [G2-SCHEMA] ok
    Advance_care_planning: 0.3s
      [EXTRACT] raw={
    "Advance care": "Not discussed during this visit."
}
      [G1-FORMAT] ok, keys=['Advance care']
      [G2-SCHEMA] ok
  Plan extraction prompts: 4.1s
    Referral: 1.3s
      [EXTRACT] raw={
"Nutrition": "None",
"Genetics": "Consultation with Dr. [REDACTED], Phase I, and was placed on waitlist for nab-paclitaxel + CORT125134.",
"Specialty": "None",
"Others": "None",
"follow up": "RTC: i
      [G1-FORMAT] ok, keys=['Nutrition', 'Genetics', 'Specialty', 'Others', 'follow up']
      [G2-SCHEMA] ok
  Referral extraction (full note): 1.3s
    Genetic_Testing_Results: 0.7s
      [EXTRACT] raw={
    "genetic_testing_results": "BRCA variant of unknown significance (VUS); K-ras mutation; CDKN2a mutation; APC mutation."
}
      [G1-FORMAT] ok, keys=['genetic_testing_results']
      [G2-SCHEMA] ok
  Genetic_Testing_Results (full note): 0.7s
    [POST-THERAPY-SUPPLEMENT] Found therapy in A/P: ['abraxane']
    [POST-MEDICATION-SUPPLEMENT] Added missing meds: ['abraxane']
    [POST-IMAGING] found in note: CT scan
    [POST-GENETICS-SEARCH] found in full note: ['brca2']
    [POST-DISTMET] added empty Distant Metastasis field (general Metastasis is not an M1 proxy)
    [POST-METASTATIC-UPGRADE] confirmed current M1 evidence → Stage IV + distant met Yes (stage was '')
    [POST-SUPP-SUPPLEMENT] recovered supportive meds: ['Creon (pancreatic enzyme)']
    [POST-MEDS-IV-CHECK] Added from A/P: abraxane, gemcitabine
    [POST-MET-FINAL] '' → 'Not sure' (rebuilt from regional evidence and Distant ceiling)
    [POST-GENETIC-RESULTS-FINAL] normalized empty fallback: '' → 'No genetic testing results in note.'
  Row 8 total: 29.9s
  Row 8 saved to progress

Processing row 9 (10/20)...
  Injected 1 term definitions: ['stable disease']
  Trying regex extraction...
  Regex matched: 'Impression and Recommendations:'
  Regex extraction succeeded (3908 chars)
  A/P extraction: 0.0s
    Reason_for_Visit: 3.3s
      [EXTRACT] raw={
"Patient type": "follow up",
"second opinion": "no",
"in-person": "Televisit",
"summary": "Ms. [REDACTED] is a 73 y.o. female with locally advanced PDAC on mFOLFIRINOX presenting for follow-up and s
      [G1-FORMAT] ok, keys=['Patient type', 'second opinion', 'in-person', 'summary']
      [G2-SCHEMA] ok
    Cancer_Diagnosis: 1.4s
      [EXTRACT] raw={
"Type_of_Cancer": "Pancreatic ductal adenocarcinoma",
"Stage_of_Cancer": "Locally advanced",
"Distant Metastasis": "No",
"Metastasis": "Regional lymph node involvement; no distant metastasis"
}
      [G1-FORMAT] ok, keys=['Type_of_Cancer', 'Stage_of_Cancer', 'Distant Metastasis', 'Metastasis']
      [G2-SCHEMA] ok
    Lab_Results: 4.2s
      [EXTRACT] raw={
"lab_summary": "WBC Count 30.6 (H), Hemoglobin 8.7 (L), Hematocrit 27.1 (L), MCV 99, Platelet Count 192, Neutrophil Absolute Count 24.06 (H), Albumin, Serum / Plasma 4.4, Alkaline Phosphatase 204 (H
      [G1-FORMAT] ok, keys=['lab_summary']
      [G2-SCHEMA] ok
    Clinical_Findings: 1.8s
      [EXTRACT] raw={
"findings": "Pancreatic mass measuring 4.4 x 3.5 cm with upstream pancreatic ductal dilatation and parenchymal atrophy, similar to prior study. Encasement and severe narrowing of celiac and superior
      [G1-FORMAT] ok, keys=['findings']
      [G2-SCHEMA] ok
    Current_Medications: 0.5s
      [EXTRACT] raw={
"current_meds": "FOLFOX"
}
      [G1-FORMAT] ok, keys=['current_meds']
      [G2-SCHEMA] ok
    Treatment_Changes: 2.8s
      [EXTRACT] raw={
"recent_changes": "Omitted irinotecan since C3 (due to colitis on scans, performance status).",
"supportive_meds": "ondansetron (ZOFRAN) 8 mg tablet, loperamide (IMODIUM) 2 mg capsule, potassium chl
      [G1-FORMAT] ok, keys=['recent_changes', 'supportive_meds']
      [G2-SCHEMA] ok
  Phase 1 extraction (6 prompts): 14.2s
  Cross-context injected (962 chars)
    Treatment_Goals: 0.7s
      [EXTRACT] raw={
"goals_of_treatment": "curative",
"goals_description": "Not explicitly stated."
}
      [G1-FORMAT] ok, keys=['goals_of_treatment', 'goals_description']
      [G2-SCHEMA] ok
    Response_Assessment: 2.2s
      [EXTRACT] raw={
"response_assessment": "Stable disease without evidence of distant metastases. CT scan on 12/10/19 showed a stable pancreatic mass measuring 4.4 x 3.5 cm with upstream pancreatic ductal dilatation a
      [G1-FORMAT] ok, keys=['response_assessment']
      [G2-SCHEMA] ok
  Phase 2 extraction (2 prompts): 2.9s
  Total extraction: 17.1s
    Medication_Plan: 3.6s
      [EXTRACT] raw={
    "medication_plan": "Continue with FOLFOX only going forward: oxaliplatin 85mg/m2, 5FU 2400mg/m2 over 46h. Aloxi, aprepitant, dexamethasone as premeds, with prn ativan D1. 1L NS, 12mg PO dexameth
      [G1-FORMAT] ok, keys=['medication_plan']
      [G2-SCHEMA] ok
    Therapy_plan: 2.1s
      [EXTRACT] raw={
    "therapy_plan": "Overall plan is for 4-6 months of upfront chemotherapy with q2mo scans. After induction chemotherapy, options include readdressing surgical prospects with Dr. [REDACTED] or cons
      [G1-FORMAT] ok, keys=['therapy_plan']
      [G2-SCHEMA] ok
    radiotherapy_plan: 0.8s
      [EXTRACT] raw={
    "radiotherapy_plan": "At the end of a period of induction chemotherapy, consolidative chemoradiation could be considered, either conventionally fractionated therapy with concurrent capecitabine 
      [G1-FORMAT] ok, keys=['radiotherapy_plan']
      [G2-SCHEMA] ok
    Procedure_Plan: 1.4s
      [EXTRACT] raw={
    "procedure_plan": "At the end of a period of induction chemotherapy, could consider either (1) readdressing her surgical prospects with Dr. [REDACTED], although based on her local extent of dise
      [G1-FORMAT] ok, keys=['procedure_plan']
      [G2-SCHEMA] ok
    Imaging_Plan: 0.6s
      [EXTRACT] raw={
    "imaging_plan": "CT in 3 months after C8 for restaging, monthly CA 19-9"
}
      [G1-FORMAT] ok, keys=['imaging_plan']
      [G2-SCHEMA] ok
    Lab_Plan: 0.8s
      [EXTRACT] raw={
    "lab_plan": "Plan for scans again after C8, monthly CA 19-9. Note that pt's CA 19-9 jumped in the setting of colitis. Improving now."
}
      [G1-FORMAT] ok, keys=['lab_plan']
      [G2-SCHEMA] ok
    Genetic_Testing_Plan: 0.7s
      [EXTRACT] raw={
    "genetic_testing_plan": "S/p genetic testing. VUS in RECQL4 c.[REDACTED]>G (p.[REDACTED])"
}
      [G1-FORMAT] ok, keys=['genetic_testing_plan']
      [G2-SCHEMA] ok
    follow_up_next_visit: 0.3s
      [EXTRACT] raw={
    "Next clinic visit": "in-person: 2 weeks"
}
      [G1-FORMAT] ok, keys=['Next clinic visit']
      [G2-SCHEMA] ok
    Advance_care_planning: 0.3s
      [EXTRACT] raw={
    "Advance care": "Not discussed during this visit."
}
      [G1-FORMAT] ok, keys=['Advance care']
      [G2-SCHEMA] ok
  Plan extraction prompts: 10.6s
    Referral: 1.0s
      [EXTRACT] raw={
"Nutrition": "None",
"Genetics": "None",
"Specialty": "Consult with Dr. [REDACTED] regarding surgical prospects",
"Others": "Recommended diagnostic mammogram",
"follow up": "Follow Up: 2w"
}
      [G1-FORMAT] ok, keys=['Nutrition', 'Genetics', 'Specialty', 'Others', 'follow up']
      [G2-SCHEMA] ok
  Referral extraction (full note): 1.0s
    Genetic_Testing_Results: 0.8s
      [EXTRACT] raw={
    "genetic_testing_results": "VUS in RECQL4 c.[REDACTED]>G (p.[REDACTED])"
}
      [G1-FORMAT] ok, keys=['genetic_testing_results']
      [G2-SCHEMA] ok
  Genetic_Testing_Results (full note): 0.8s
    [POST-VISIT-TYPE] Corrected: → Televisit (video/telehealth in note)
    [POST-THERAPY-SUPPLEMENT] Found therapy in A/P: ['irinotecan', 'oxaliplatin']
    [POST-MEDICATION-SUPPLEMENT] Added missing meds: ['oxaliplatin', 'dexamethasone']
    [POST-IMAGING] found in note: DEXA scan
    [POST-IMAGING] found in note: Mammogram
    [POST-PROCEDURE-ENDO] captured endoscopic/biliary procedure: 'EUS'
    [POST-PROCEDURE-ENDO-FINAL] recovered 'EUS'
    [POST-STAGE-LOCALLY-ADVANCED] descriptive extent retained → 'Locally advanced (unresectable)'
    [POST-DISTMET] added empty Distant Metastasis field (general Metastasis is not an M1 proxy)
    [POST-MEDS-IV-CHECK] Added from A/P: folfox, folfirinox
    [POST-MEDS-FINAL] '' → 'FOLFOX' (current exclusive regimen overrides historical regimen; added active FOLFOX)
    [POST-MET-FINAL] '' → 'Not sure' (rebuilt from regional evidence and Distant ceiling)
    [POST-GENETIC-RESULTS-FINAL] normalized empty fallback; recovered completed MMR result from source: '' → 'MMR proteins intact by IHC (pMMR).'
  Row 9 total: 29.5s
  Row 9 saved to progress

Processing row 10 (11/20)...
  Trying regex extraction...
  Regex matched: 'Impression and Recommendations:'
  Regex extraction succeeded (3743 chars)
  A/P extraction: 0.0s
    Reason_for_Visit: 2.1s
      [EXTRACT] raw={
"Patient type": "New patient",
"second opinion": "yes",
"in-person": "Televisit",
"summary": "Mr. [REDACTED] is a 52 y.o. male with newly diagnosed metastatic pancreatic cancer. He presents today fo
      [G1-FORMAT] ok, keys=['Patient type', 'second opinion', 'in-person', 'summary']
      [G2-SCHEMA] ok
    Cancer_Diagnosis: 1.6s
      [EXTRACT] raw={
"Type_of_Cancer": "Pancreatic cancer, metastasized to liver",
"Stage_of_Cancer": "Stage IV (cT2, cN1, cM1)",
"Distant Metastasis": "Yes, to liver",
"Metastasis": "Radiographically involved regional 
      [G1-FORMAT] ok, keys=['Type_of_Cancer', 'Stage_of_Cancer', 'Distant Metastasis', 'Metastasis']
      [G2-SCHEMA] ok
    Lab_Results: 1.5s
      [EXTRACT] raw={
"lab_summary": "Na 130, K 3.8, Cl 92, Cr 0.92, AST 28, ALT 29, Tbili 1.0, Alk phos 67, WBC 8.8, Hgb 14.4, Plt 286, CA 19-9: 13737"
}
      [G1-FORMAT] ok, keys=['lab_summary']
      [G2-SCHEMA] ok
    Clinical_Findings: 3.2s
      [EXTRACT] raw={
"findings": "Pancreatic neck mass measuring 2.8x4.2 cm with associated upstream pancreatic atrophy and pancreatic ductal dilatation. The mass encompasses the superior mesenteric vein and main portal
      [G1-FORMAT] ok, keys=['findings']
      [G2-SCHEMA] ok
    Current_Medications: 0.4s
      [EXTRACT] raw={
"current_meds": ""
}
      [G1-FORMAT] ok, keys=['current_meds']
      [G2-SCHEMA] ok
    Treatment_Changes: 0.6s
      [EXTRACT] raw={
"recent_changes": "",
"supportive_meds": "lipase-protease-amylase, ondansetron"
}
      [G1-FORMAT] ok, keys=['recent_changes', 'supportive_meds']
      [G2-SCHEMA] ok
  Phase 1 extraction (6 prompts): 9.4s
  Cross-context injected (1409 chars)
    Treatment_Goals: 2.2s
      [EXTRACT] raw={
"goals_of_treatment": "palliative",
"goals_description": "In summary, Mr. [REDACTED] is a 52 y.o. male with newly diagnosed metastatic pancreatic cancer. We discussed the following at today's visit:
      [G1-FORMAT] ok, keys=['goals_of_treatment', 'goals_description']
      [G2-SCHEMA] ok
    Response_Assessment: 0.7s
      [EXTRACT] raw={
"response_assessment": "Not yet on treatment — no response to assess."
}
      [G1-FORMAT] ok, keys=['response_assessment']
      [G2-SCHEMA] ok
  Phase 2 extraction (2 prompts): 2.8s
  Total extraction: 12.2s
    Medication_Plan: 1.3s
      [EXTRACT] raw={
    "medication_plan": "FOLFIRINOX is a reasonable first choice standard of care option. The patient has consented to proceed with screening procedures for the Precision Promise Platform Trial For M
      [G1-FORMAT] ok, keys=['medication_plan']
      [G2-SCHEMA] ok
    Therapy_plan: 1.2s
      [EXTRACT] raw={
    "therapy_plan": "The patient will proceed with screening procedures for the Precision Promise Platform Trial For Metastatic Pancreatic Cancer. FOLFIRINOX is noted as a reasonable first choice st
      [G1-FORMAT] ok, keys=['therapy_plan']
      [G2-SCHEMA] ok
    radiotherapy_plan: 0.3s
      [EXTRACT] raw={
    "radiotherapy_plan": "None"
}
      [G1-FORMAT] ok, keys=['radiotherapy_plan']
      [G2-SCHEMA] ok
    Procedure_Plan: 0.5s
      [EXTRACT] raw={
    "procedure_plan": "will get CT AP and labs locally at [REDACTED] today"
}
      [G1-FORMAT] ok, keys=['procedure_plan']
      [G2-SCHEMA] ok
    Imaging_Plan: 0.5s
      [EXTRACT] raw={
    "imaging_plan": "will get CT AP and labs locally at [REDACTED] today"
}
      [G1-FORMAT] ok, keys=['imaging_plan']
      [G2-SCHEMA] ok
    Lab_Plan: 0.5s
      [EXTRACT] raw={
    "lab_plan": "Will get CT AP and labs locally at [REDACTED] today"
}
      [G1-FORMAT] ok, keys=['lab_plan']
      [G2-SCHEMA] ok
    Genetic_Testing_Plan: 2.0s
      [EXTRACT] raw={
    "genetic_testing_plan": "None planned."
}
      [G1-FORMAT] ok, keys=['genetic_testing_plan']
      [G2-SCHEMA] ok
    follow_up_next_visit: 0.3s
      [EXTRACT] raw={
    "Next clinic visit": "not mentioned"
}
      [G1-FORMAT] ok, keys=['Next clinic visit']
      [G2-SCHEMA] ok
    Advance_care_planning: 0.3s
      [EXTRACT] raw={
    "Advance care": "Not discussed during this visit."
}
      [G1-FORMAT] ok, keys=['Advance care']
      [G2-SCHEMA] ok
  Plan extraction prompts: 6.9s
    Referral: 1.5s
      [EXTRACT] raw={
"Nutrition": "None",
"Genetics": "Has appt with genetics at [REDACTED] tomorrow.",
"Specialty": "Referred by Dr. [REDACTED] to UCSF for consideration of Precision Promise trial vs consideration of m
      [G1-FORMAT] ok, keys=['Nutrition', 'Genetics', 'Specialty', 'Others', 'follow up']
      [G2-SCHEMA] ok
  Referral extraction (full note): 1.5s
    Genetic_Testing_Results: 0.6s
      [EXTRACT] raw={
    "genetic_testing_results": "BRCA2 mutation found in brother (not patient). Strata pending."
}
      [G1-FORMAT] ok, keys=['genetic_testing_results']
      [G2-SCHEMA] ok
  Genetic_Testing_Results (full note): 0.6s
    [POST-VISIT-TYPE] Corrected: → Televisit (video/telehealth in note)
    [POST-LAB-SEARCH] Found labs in full note: planned)  03/16/21: CT AP: Pancreatic cystic lesion >/= 3 cm
    [POST-THERAPY-SUPPLEMENT] Found therapy in A/P: ['gemcitabine', 'nab-paclitaxel', 'irinotecan', 'oxaliplatin', '5-fu', 'leucovorin']
    [POST-MEDICATION-SUPPLEMENT] Added missing meds: ['gemcitabine', 'nab-paclitaxel']
    [POST-IMAGING] found in note: CT Chest
    [POST-GENETIC-PENDING] captured assay: 'Strata pending  03/28/21: CT Chest: a 3' (results pending)
    [POST-STAGE-ABBREV] Found stage abbreviation in A/P: 'stage iv' → 'Stage IV'
    [POST-STAGE-EXPLICIT] captured formal stage: 'Stage IV (cT2,cN1,cM1)'
    [POST-DISTMET] added empty Distant Metastasis field (general Metastasis is not an M1 proxy)
    [POST-METASTATIC-UPGRADE] confirmed current M1 evidence → Stage IV + distant met Yes (stage was '')
    [POST-SUPP-SUPPLEMENT] recovered supportive meds: ['Pancreatic enzyme replacement']
    [POST-MET-FINAL] '' → 'Not sure' (rebuilt from regional evidence and Distant ceiling)
    [POST-GENETIC-RESULTS-FINAL] normalized empty fallback: '' → 'No genetic testing results in note.'
  Row 10 total: 21.2s
  Row 10 saved to progress

Processing row 11 (12/20)...
  Injected 2 term definitions: ['palliative care', 'stable disease']
  Trying regex extraction...
  Regex matched: 'ASSESSMENT & PLAN'
  Regex extraction succeeded (3420 chars)
  A/P extraction: 0.0s
    Reason_for_Visit: 4.0s
      [EXTRACT] raw={
"Patient type": "follow up",
"second opinion": "no",
"in-person": "in-person",
"summary": "Pancreatic adenocarcinoma with concern for metastatic disease. Purpose of this visit is a follow-up to asse
      [G1-FORMAT] ok, keys=['Patient type', 'second opinion', 'in-person', 'summary']
      [G2-SCHEMA] ok
    Cancer_Diagnosis: 1.7s
      [EXTRACT] raw={
"Type_of_Cancer": "Pancreatic adenocarcinoma",
"Stage_of_Cancer": "Metastatic (Stage IV)",
"Distant Metastasis": "Yes, to liver, peritoneum/omentum",
"Metastasis": "Regional nodal involvement; Dista
      [G1-FORMAT] ok, keys=['Type_of_Cancer', 'Stage_of_Cancer', 'Distant Metastasis', 'Metastasis']
      [G2-SCHEMA] ok
    Lab_Results: 32.2s
      [EXTRACT] raw={
"lab_summary": "WBC Count 9.6, RBC Count 3.09 (L), Hemoglobin 9.6 (L), Hematocrit 28.5 (L), MCV 92, MCH 31.1, MCHC 33.7, Platelet Count 172, Neutrophil Absolute Count 8.55 (H), Lymphocyte Abs Cnt 0.
      [G1-FORMAT] repair FAILED, raw={
"lab_summary": "WBC Count 9.6, RBC Count 3.09 (L), Hemoglobin 9.6 (L), Hematocrit 28.5 (L), MCV 92, MCH 31.1, MCHC 33.7, Platelet Count 172, Neutrop
    Clinical_Findings: 6.5s
      [EXTRACT] raw={
"findings": "Patient has a 7.5x3.5x3.7cm mass in the tail of the pancreas with thrombosis of the splenic vein and marked narrowing and encasement of the splenic artery. The mass abuts the superior m
      [G1-FORMAT] ok, keys=['findings']
      [G2-SCHEMA] ok
    Current_Medications: 0.5s
      [EXTRACT] raw={
"current_meds": ""
}
      [G1-FORMAT] ok, keys=['current_meds']
      [G2-SCHEMA] ok
    Treatment_Changes: 3.4s
      [EXTRACT] raw={
"recent_changes": "Treatment holiday began on 05/28/2016. Progression noted while on chemotherapy holiday, with new partial bowel obstruction and peritoneal carcinomatosis. Chemotherapy considered u
      [G1-FORMAT] ok, keys=['recent_changes', 'supportive_meds']
      [G2-SCHEMA] ok
  Phase 1 extraction (6 prompts): 48.3s
  Cross-context injected (2502 chars)
    Treatment_Goals: 1.3s
      [EXTRACT] raw={
"goals_of_treatment": "palliative",
"goals_description": "Given the progression of the disease and the discussion of transitioning the patient to palliative care, the intent of the cancer treatment 
      [G1-FORMAT] ok, keys=['goals_of_treatment', 'goals_description']
      [G2-SCHEMA] ok
    Response_Assessment: 4.3s
      [EXTRACT] raw={
"response_assessment": "The patient is currently not responding to treatment. Recent imaging shows a pancreatic body/tail mass causing mass effect on the small intestine at the ligament of Treitz, r
      [G1-FORMAT] ok, keys=['response_assessment']
      [G2-SCHEMA] ok
  Phase 2 extraction (2 prompts): 5.6s
  Total extraction: 53.9s
    Medication_Plan: 0.8s
      [EXTRACT] raw={
    "medication_plan": "Hold chemotherapy (patient requests a chemo break)."
}
      [G1-FORMAT] ok, keys=['medication_plan']
      [G2-SCHEMA] ok
    Therapy_plan: 1.0s
      [EXTRACT] raw={
    "therapy_plan": "Given the findings, chemotherapy will likely do more harm than good. The next best step is palliative care. There is a slight possibility of resuming systemic therapy if his obs
      [G1-FORMAT] ok, keys=['therapy_plan']
      [G2-SCHEMA] ok
    radiotherapy_plan: 0.3s
      [EXTRACT] raw={
    "radiotherapy_plan": "None"
}
      [G1-FORMAT] ok, keys=['radiotherapy_plan']
      [G2-SCHEMA] ok
    Procedure_Plan: 0.9s
      [EXTRACT] raw={
    "procedure_plan": "Follow up on full report of Xray imaging to the small bowel to determine his ability to undergo additional stent placement. Anticipate the need to transition the patient to ho
      [G1-FORMAT] ok, keys=['procedure_plan']
      [G2-SCHEMA] ok
    Imaging_Plan: 0.6s
      [EXTRACT] raw={
    "imaging_plan": "Follow up on full report of Xray imaging to the small bowel to determine his ability to undergo additional stent placement."
}
      [G1-FORMAT] ok, keys=['imaging_plan']
      [G2-SCHEMA] ok
    Lab_Plan: 0.5s
      [EXTRACT] raw={
    "lab_plan": "Continue to follow his PO, obstruction, Bilirubin and Liver function."
}
      [G1-FORMAT] ok, keys=['lab_plan']
      [G2-SCHEMA] ok
    Genetic_Testing_Plan: 0.4s
      [EXTRACT] raw={
    "genetic_testing_plan": "None planned."
}
      [G1-FORMAT] ok, keys=['genetic_testing_plan']
      [G2-SCHEMA] ok
    follow_up_next_visit: 0.4s
      [EXTRACT] raw={
    "Next clinic visit": "telehealth: follow up with the patient on the phone directly"
}
      [G1-FORMAT] ok, keys=['Next clinic visit']
      [G2-SCHEMA] ok
    Advance_care_planning: 0.3s
      [EXTRACT] raw={
    "Advance care": "Not discussed during this visit."
}
      [G1-FORMAT] ok, keys=['Advance care']
      [G2-SCHEMA] ok
  Plan extraction prompts: 5.1s
    Referral: 1.6s
      [EXTRACT] raw={
"Nutrition": "None",
"Genetics": "None",
"Specialty": "Consult with hepatobiliary for EGD with 5 overlapping stents placed across the malignant duodenal obstruction. Palliative care discussed due to
      [G1-FORMAT] ok, keys=['Nutrition', 'Genetics', 'Specialty', 'Others', 'follow up']
      [G2-SCHEMA] ok
  Referral extraction (full note): 1.6s
    Genetic_Testing_Results: 0.6s
      [EXTRACT] raw={
    "genetic_testing_results": "No genetic testing results in note."
}
      [G1-FORMAT] ok, keys=['genetic_testing_results']
      [G2-SCHEMA] ok
  Genetic_Testing_Results (full note): 0.6s
    [POST-THERAPY-SUPPLEMENT] Found therapy in A/P: ['ipilimumab']
    [POST-IMAGING] found in note: CT Abdomen
    [POST-STAGE-CTNM] filled empty stage from TNM in note: 'T4N1'
    [POST-DISTMET] added empty Distant Metastasis field (general Metastasis is not an M1 proxy)
    [POST-METASTATIC-UPGRADE] confirmed current M1 evidence → Stage IV + distant met Yes (stage was '')
    [POST-MET-FINAL] '' → 'Not sure' (rebuilt from regional evidence and Distant ceiling)
    [POST-GENETIC-RESULTS-FINAL] normalized empty fallback: '' → 'No genetic testing results in note.'
  Row 11 total: 61.3s
  Row 11 saved to progress

Processing row 12 (13/20)...
  Injected 1 term definitions: ['stable disease']
  Trying regex extraction...
  Regex matched: 'Assessment/Plan'
  Regex extraction succeeded (11351 chars)
  A/P extraction: 0.0s
    Reason_for_Visit: 4.9s
      [EXTRACT] raw={
"Patient type": "follow up",
"second opinion": "no",
"in-person": "Televisit",
"summary": "Patient is a 78-year-old male with locally advanced pancreatic adenocarcinoma. The purpose of this visit is
      [G1-FORMAT] ok, keys=['Patient type', 'second opinion', 'in-person', 'summary']
      [G2-SCHEMA] ok
    Cancer_Diagnosis: 1.5s
      [EXTRACT] raw={
"Type_of_Cancer": "Pancreatic adenocarcinoma",
"Stage_of_Cancer": "Locally advanced (unresectable)",
"Distant Metastasis": "No",
"Metastasis": "Regional nodal involvement; No distant metastasis"
}
      [G1-FORMAT] ok, keys=['Type_of_Cancer', 'Stage_of_Cancer', 'Distant Metastasis', 'Metastasis']
      [G2-SCHEMA] ok
    Lab_Results: 2.4s
      [EXTRACT] raw={
"lab_summary": "WBC Count 8.3, Abs Neutrophils 3.18, Hemoglobin 9.7 (L), Hematocrit 30.8 (L), Platelet Count 241, Creatinine 0.73, Bilirubin, Total 0.3, Alkaline Phosphatase 80, AST 18, Alanine tran
      [G1-FORMAT] ok, keys=['lab_summary']
      [G2-SCHEMA] ok
    Clinical_Findings: 3.3s
      [EXTRACT] raw={
"findings": "Similar size of pancreatic mass centered in the uncinate process and invading the duodenum. Similar peripancreatic lymph nodes. Interval placement of gastrojejunal stent. No findings of
      [G1-FORMAT] ok, keys=['findings']
      [G2-SCHEMA] ok
    Current_Medications: 0.5s
      [EXTRACT] raw={
"current_meds": "capecitabine"
}
      [G1-FORMAT] ok, keys=['current_meds']
      [G2-SCHEMA] ok
    Treatment_Changes: 0.7s
      [EXTRACT] raw={
"recent_changes": "",
"supportive_meds": "ondansetron (ZOFRAN), pantoprazole (PROTONIX), CREON"
}
      [G1-FORMAT] ok, keys=['recent_changes', 'supportive_meds']
      [G2-SCHEMA] ok
  Phase 1 extraction (6 prompts): 13.3s
  Cross-context injected (1398 chars)
    Treatment_Goals: 0.8s
      [EXTRACT] raw={
"goals_of_treatment": "palliative",
"goals_description": "Not explicitly stated."
}
      [G1-FORMAT] ok, keys=['goals_of_treatment', 'goals_description']
      [G2-SCHEMA] ok
    Response_Assessment: 3.5s
      [EXTRACT] raw={
"response_assessment": "Stable disease based on imaging. Similar size of pancreatic mass centered in the uncinate process and invading the duodenum. Similar peripancreatic lymph nodes. No findings o
      [G1-FORMAT] ok, keys=['response_assessment']
      [G2-SCHEMA] ok
  Phase 2 extraction (2 prompts): 4.2s
  Total extraction: 17.6s
    Medication_Plan: 1.8s
      [EXTRACT] raw={
    "medication_plan": "Hold systemic therapy (patient requests a chemo break); Continue Norco PRN for pain; Continue Remeron and melatonin for insomnia."
}
      [G1-FORMAT] ok, keys=['medication_plan']
      [G2-SCHEMA] ok
    Therapy_plan: 0.6s
      [EXTRACT] raw={
    "therapy_plan": "We will consider XRT at this time. We will pause systemic therapy and consider radiation again per patient preference."
}
      [G1-FORMAT] ok, keys=['therapy_plan']
      [G2-SCHEMA] ok
    radiotherapy_plan: 0.6s
      [EXTRACT] raw={
    "radiotherapy_plan": "We will consider XRT at this time. We will pause systemic therapy and consider radiation again per patient preference."
}
      [G1-FORMAT] ok, keys=['radiotherapy_plan']
      [G2-SCHEMA] ok
    Procedure_Plan: 0.6s
      [EXTRACT] raw={
    "procedure_plan": "We will consider XRT at this time. we will pause systemic therapy and consider radiation again per patient preference."
}
      [G1-FORMAT] ok, keys=['procedure_plan']
      [G2-SCHEMA] ok
    Imaging_Plan: 0.4s
      [EXTRACT] raw={
    "imaging_plan": "No imaging planned."
}
      [G1-FORMAT] ok, keys=['imaging_plan']
      [G2-SCHEMA] ok
    Lab_Plan: 0.6s
      [EXTRACT] raw={
    "lab_plan": "Recommended that he continue to do weekly CBC and transfuse PRBCs PRN for HGB <8.0"
}
      [G1-FORMAT] ok, keys=['lab_plan']
      [G2-SCHEMA] ok
    Genetic_Testing_Plan: 0.4s
      [EXTRACT] raw={
    "genetic_testing_plan": "Not done"
}
      [G1-FORMAT] ok, keys=['genetic_testing_plan']
      [G2-SCHEMA] ok
    follow_up_next_visit: 0.4s
      [EXTRACT] raw={
    "Next clinic visit": "telehealth: February 17 for follow-up"
}
      [G1-FORMAT] ok, keys=['Next clinic visit']
      [G2-SCHEMA] ok
    Advance_care_planning: 0.3s
      [EXTRACT] raw={
    "Advance care": "Not discussed during this visit."
}
      [G1-FORMAT] ok, keys=['Advance care']
      [G2-SCHEMA] ok
  Plan extraction prompts: 5.7s
    Referral: 2.7s
      [EXTRACT] raw={
"Nutrition": "nutrition consultation is needed",
"Genetics": "None",
"Specialty": "Consultation with Dr. [REDACTED], Rad Onc. Dr. [REDACTED] presented case at Pancreas tumor board. Dr [REDACTED] and
      [G1-FORMAT] ok, keys=['Nutrition', 'Genetics', 'Specialty', 'Others', 'follow up']
      [G2-SCHEMA] ok
  Referral extraction (full note): 2.7s
    Genetic_Testing_Results: 0.8s
      [EXTRACT] raw={
    "genetic_testing_results": "UCSF500 molecular testing is in process and will be reported separately. Patient does not express CA-19-9."
}
      [G1-FORMAT] ok, keys=['genetic_testing_results']
      [G2-SCHEMA] ok
  Genetic_Testing_Results (full note): 0.8s
    [POST-VISIT-TYPE] Corrected: → Televisit (video/telehealth in note)
    [POST-THERAPY-SUPPLEMENT] Found therapy in A/P: ['radiation therapy referral']
    [POST-IMAGING] found in note: CT Chest
    [POST-GENETIC-PENDING] captured assay: 'UCSF500 molecular testing is in process and will b' (results pending)
    [POST-NONSECRETOR] recorded CA 19-9 non-secretor status
    [POST-STAGE-LOCALLY-ADVANCED] descriptive extent retained → 'Locally advanced (unresectable)'
    [POST-DISTMET] added empty Distant Metastasis field (general Metastasis is not an M1 proxy)
    [POST-SUPP-SUPPLEMENT] recovered supportive meds: ['Creon (pancreatic enzyme)']
    [POST-MET-FINAL] '' → 'Not sure' (rebuilt from regional evidence and Distant ceiling)
    [POST-GENETIC-RESULTS-FINAL] normalized empty fallback: '' → 'No genetic testing results in note.'
  Row 12 total: 26.8s
  Row 12 saved to progress

Processing row 13 (14/20)...
  Trying regex extraction...
  Regex matched: 'Impression and Recommendations:'
  Regex extraction succeeded (4143 chars)
  A/P extraction: 0.0s
    Reason_for_Visit: 2.5s
      [EXTRACT] raw={
"Patient type": "New patient",
"second opinion": "no",
"in-person": "Televisit",
"summary": "Ms. [REDACTED] is a 69 y.o. female whom I am seeing as a video visit new patient at the UCSF Comprehensiv
      [G1-FORMAT] ok, keys=['Patient type', 'second opinion', 'in-person', 'summary']
      [G2-SCHEMA] ok
    Cancer_Diagnosis: 1.5s
      [EXTRACT] raw={
"Type_of_Cancer": "Metastatic adenocarcinoma of pancreatic origin",
"Stage_of_Cancer": "Metastatic (Stage IV)",
"Distant Metastasis": "Yes, to liver",
"Metastasis": "Radiographically involved region
      [G1-FORMAT] ok, keys=['Type_of_Cancer', 'Stage_of_Cancer', 'Distant Metastasis', 'Metastasis']
      [G2-SCHEMA] ok
    Lab_Results: 2.8s
      [EXTRACT] raw={
"lab_summary": "WBC Count 10.8 (H), Neutrophil Absolute Count 8.26 (H), Hemoglobin 9.9 (L), Hematocrit 32.4 (L), Platelet Count 315, Creatinine 0.54 (L), Bilirubin, Total 4.5 (H), Alkaline Phosphata
      [G1-FORMAT] ok, keys=['lab_summary']
      [G2-SCHEMA] ok
    Clinical_Findings: 6.7s
      [EXTRACT] raw={
"findings": "Increased size of the primary malignancy centered at the pancreaticoduodenal groove, now measuring approximately 4.5 cm x 3.7 cm x 7.5 cm. Increased size and number of hepatic and nodal
      [G1-FORMAT] ok, keys=['findings']
      [G2-SCHEMA] ok
    Current_Medications: 0.4s
      [EXTRACT] raw={
"current_meds": ""
}
      [G1-FORMAT] ok, keys=['current_meds']
      [G2-SCHEMA] ok
    Treatment_Changes: 0.5s
      [EXTRACT] raw={
"recent_changes": "",
"supportive_meds": "Tylenol for pain relief"
}
      [G1-FORMAT] ok, keys=['recent_changes', 'supportive_meds']
      [G2-SCHEMA] ok
  Phase 1 extraction (6 prompts): 14.4s
  Cross-context injected (1767 chars)
    Treatment_Goals: 1.5s
      [EXTRACT] raw={
"goals_of_treatment": "palliative",
"goals_description": "In the setting of stage IV (metastatic) disease, the mainstay of treatment should consist of systemic therapy (chemotherapy) with the goal o
      [G1-FORMAT] ok, keys=['goals_of_treatment', 'goals_description']
      [G2-SCHEMA] ok
    Response_Assessment: 0.7s
      [EXTRACT] raw={
"response_assessment": "Not yet on treatment — no response to assess."
}
      [G1-FORMAT] ok, keys=['response_assessment']
      [G2-SCHEMA] ok
  Phase 2 extraction (2 prompts): 2.2s
  Total extraction: 16.6s
    Medication_Plan: 2.2s
      [EXTRACT] raw={
    "medication_plan": "The patient is planned to start chemotherapy with gemcitabine and nab-paclitaxel. There is a mention of clinical trial options including gemcitabine/nab-paclitaxel plus pamre
      [G1-FORMAT] ok, keys=['medication_plan']
      [G2-SCHEMA] ok
    Therapy_plan: 1.8s
      [EXTRACT] raw={
    "therapy_plan": "The patient will undergo somatic tumor testing through the UCSF500 platform. Standard of care options discussed include FOLFIRINOX or gemcitabine plus nab-paclitaxel. The initia
      [G1-FORMAT] ok, keys=['therapy_plan']
      [G2-SCHEMA] ok
    radiotherapy_plan: 0.3s
      [EXTRACT] raw={
    "radiotherapy_plan": "None"
}
      [G1-FORMAT] ok, keys=['radiotherapy_plan']
      [G2-SCHEMA] ok
    Procedure_Plan: 1.2s
      [EXTRACT] raw={
    "procedure_plan": "Request somatic tumor testing of the patient's tumor specimen through the UCSF500 platform. Precision Promise clinical trial may require fresh tumor tissue collection pre- and
      [G1-FORMAT] ok, keys=['procedure_plan']
      [G2-SCHEMA] ok
    Imaging_Plan: 0.4s
      [EXTRACT] raw={
    "imaging_plan": "No imaging planned."
}
      [G1-FORMAT] ok, keys=['imaging_plan']
      [G2-SCHEMA] ok
    Lab_Plan: 0.7s
      [EXTRACT] raw={
    "lab_plan": "LFTs need to sufficiently normalize before starting chemotherapy. Short-term in-person follow-up arranged for clinical and laboratory assessment, including LFTs."
}
      [G1-FORMAT] ok, keys=['lab_plan']
      [G2-SCHEMA] ok
    Genetic_Testing_Plan: 0.7s
      [EXTRACT] raw={
    "genetic_testing_plan": "Request somatic tumor testing of the patient's tumor specimen through the UCSF500 platform to assess for actionable mutations or other genetic alterations."
}
      [G1-FORMAT] ok, keys=['genetic_testing_plan']
      [G2-SCHEMA] ok
    follow_up_next_visit: 0.5s
      [EXTRACT] raw={
    "Next clinic visit": "in-person: short-term for clinical and laboratory assessment, including normalizing LFTs, to start chemotherapy ASAP"
}
      [G1-FORMAT] ok, keys=['Next clinic visit']
      [G2-SCHEMA] ok
    Advance_care_planning: 0.3s
      [EXTRACT] raw={
    "Advance care": "Not discussed during this visit."
}
      [G1-FORMAT] ok, keys=['Advance care']
      [G2-SCHEMA] ok
  Plan extraction prompts: 8.0s
    Referral: 1.5s
      [EXTRACT] raw={
"Nutrition": "None",
"Genetics": "None",
"Specialty": "Consultation for her metastatic pancreatic adenocarcinoma at the UCSF Comprehensive Cancer Center. Requested somatic tumor testing of the patie
      [G1-FORMAT] ok, keys=['Nutrition', 'Genetics', 'Specialty', 'Others', 'follow up']
      [G2-SCHEMA] ok
  Referral extraction (full note): 1.5s
    Genetic_Testing_Results: 0.6s
      [EXTRACT] raw={
    "genetic_testing_results": "Adenocarcinoma (MMR by IHC pending)."
}
      [G1-FORMAT] ok, keys=['genetic_testing_results']
      [G2-SCHEMA] ok
  Genetic_Testing_Results (full note): 0.6s
    [POST-VISIT-TYPE] Corrected: → Televisit (video/telehealth in note)
    [POST-THERAPY-SUPPLEMENT] Found therapy in A/P: ['gemcitabine', 'nab-paclitaxel', 'irinotecan', 'oxaliplatin', 'leucovorin']
    [POST-MEDICATION-SUPPLEMENT] Added missing meds: ['gemcitabine', 'nab-paclitaxel']
    [POST-GENETIC-PENDING] captured assay: 'UCSF500 platform to assess for the presence of any' (planned)
    [POST-STAGE-ABBREV] Found stage abbreviation in A/P: 'stage iv' → 'Stage IV'
    [POST-DISTMET] added empty Distant Metastasis field (general Metastasis is not an M1 proxy)
    [POST-METASTATIC-UPGRADE] confirmed current M1 evidence → Stage IV + distant met Yes (stage was '')
    [POST-SUPP-HOMEPAIN] added home pain med: Tylenol (home pain control)
    [POST-MET-FINAL] '' → 'Yes, documented malignant regional lymph-node involvement' (rebuilt from regional evidence and Distant ceiling)
    [POST-GENETIC-RESULTS-FINAL] normalized empty fallback: '' → 'No genetic testing results in note.'
  Row 13 total: 26.8s
  Row 13 saved to progress

Processing row 14 (15/20)...
  Trying regex extraction...
  Regex failed, falling back to LLM extraction...
  LLM Extraction Attempt 1...
  Running LLM Sanity Check...
  Success on attempt 1 (Verified by LLM, 736 chars)
  A/P extraction: 5.7s
    Reason_for_Visit: 2.9s
      [EXTRACT] raw={
"Patient type": "Follow up",
"second opinion": "no",
"in-person": "in-person",
"summary": "64 y.o. male with resected pancreatic cancer presenting for follow-up evaluation. The patient has a history
      [G1-FORMAT] ok, keys=['Patient type', 'second opinion', 'in-person', 'summary']
      [G2-SCHEMA] ok
    Cancer_Diagnosis: 1.9s
      [EXTRACT] raw={
"Type_of_Cancer": "Ductal adenocarcinoma of pancreatic head, moderately-differentiated; adenocarcinoma in celiac lymph node",
"Stage_of_Cancer": "ypT3N2",
"Distant Metastasis": "No",
"Metastasis": "
      [G1-FORMAT] ok, keys=['Type_of_Cancer', 'Stage_of_Cancer', 'Distant Metastasis', 'Metastasis']
      [G2-SCHEMA] ok
    Lab_Results: 2.7s
      [EXTRACT] raw={
"lab_summary": "WBC Count 6.4, Neutrophil Absolute Count 4.43, Hemoglobin 9.5 (L), Hematocrit 29.0 (L), Platelet Count 412, Creatinine 0.67, Sodium, Serum / Plasma 123 (LL), Potassium, Serum / Plasm
      [G1-FORMAT] ok, keys=['lab_summary']
      [G2-SCHEMA] ok
    Clinical_Findings: 6.7s
      [EXTRACT] raw={
"findings": "Patient presents for follow-up of resected pancreatic cancer. Imaging findings include CT scan from 04/15/18 reporting ill-defined stranding in the surgical resection bed, consistent wi
      [G1-FORMAT] ok, keys=['findings']
      [G2-SCHEMA] ok
    Current_Medications: 0.4s
      [EXTRACT] raw={
"current_meds": ""
}
      [G1-FORMAT] ok, keys=['current_meds']
      [G2-SCHEMA] ok
    Treatment_Changes: 2.5s
      [EXTRACT] raw={
"recent_changes": "rivaroxaban (XARELTO) 20 mg tablet Take 20 mg by mouth Daily. On hold by [REDACTED].",
"supportive_meds": "acetaminophen (TYLENOL) 500 mg tablet, clotrimazole 1 mg/mL SUSP suspens
      [G1-FORMAT] ok, keys=['recent_changes', 'supportive_meds']
      [G2-SCHEMA] ok
  Phase 1 extraction (6 prompts): 17.2s
  Cross-context injected (1731 chars)
    Treatment_Goals: 0.8s
      [EXTRACT] raw={
"goals_of_treatment": "adjuvant",
"goals_description": "Not explicitly stated."
}
      [G1-FORMAT] ok, keys=['goals_of_treatment', 'goals_description']
      [G2-SCHEMA] ok
    Response_Assessment: 3.4s
      [EXTRACT] raw={
"response_assessment": "The patient has completed neoadjuvant therapy and surgery, with pathology showing ypT3N2 stage, positive margins at the SMA, and 11/46 lymph nodes positive. The Evans grading
      [G1-FORMAT] ok, keys=['response_assessment']
      [G2-SCHEMA] ok
  Phase 2 extraction (2 prompts): 4.2s
  Total extraction: 21.4s
    Medication_Plan: 0.5s
      [EXTRACT] raw={
    "medication_plan": "Continue Creon"
}
      [G1-FORMAT] ok, keys=['medication_plan']
      [G2-SCHEMA] ok
    Therapy_plan: 0.8s
      [EXTRACT] raw={
    "therapy_plan": "Recheck Ca19-9 this week. CT in 2 weeks. Continue creon for nutrition. Refer to new PMD if current health plan allows it."
}
      [G1-FORMAT] ok, keys=['therapy_plan']
      [G2-SCHEMA] ok
    radiotherapy_plan: 0.3s
      [EXTRACT] raw={
    "radiotherapy_plan": "None"
}
      [G1-FORMAT] ok, keys=['radiotherapy_plan']
      [G2-SCHEMA] ok
    Procedure_Plan: 0.3s
      [EXTRACT] raw={
    "procedure_plan": "No procedures planned."
}
      [G1-FORMAT] ok, keys=['procedure_plan']
      [G2-SCHEMA] ok
    Imaging_Plan: 0.4s
      [EXTRACT] raw={
    "imaging_plan": "CT in 2 weeks"
}
      [G1-FORMAT] ok, keys=['imaging_plan']
      [G2-SCHEMA] ok
    Lab_Plan: 0.4s
      [EXTRACT] raw={
    "lab_plan": "Recheck Ca19-9 this week."
}
      [G1-FORMAT] ok, keys=['lab_plan']
      [G2-SCHEMA] ok
    Genetic_Testing_Plan: 0.3s
      [EXTRACT] raw={
    "genetic_testing_plan": "None planned."
}
      [G1-FORMAT] ok, keys=['genetic_testing_plan']
      [G2-SCHEMA] ok
    follow_up_next_visit: 0.5s
      [EXTRACT] raw={
    "Next clinic visit": "in-person: CT in 2 weeks, Recheck Ca19-9 this week"
}
      [G1-FORMAT] ok, keys=['Next clinic visit']
      [G2-SCHEMA] ok
    Advance_care_planning: 0.3s
      [EXTRACT] raw={
    "Advance care": "Not discussed during this visit."
}
      [G1-FORMAT] ok, keys=['Advance care']
      [G2-SCHEMA] ok
  Plan extraction prompts: 3.8s
    Referral: 1.2s
      [EXTRACT] raw={
"Nutrition": "None",
"Genetics": "None",
"Specialty": "Consultation with Dr. [REDACTED] for recommendations on radiotherapy and systemic therapy.",
"Others": "None",
"follow up": "Recheck Ca19-9 thi
      [G1-FORMAT] ok, keys=['Nutrition', 'Genetics', 'Specialty', 'Others', 'follow up']
      [G2-SCHEMA] ok
  Referral extraction (full note): 1.2s
    Genetic_Testing_Results: 0.9s
      [EXTRACT] raw={
    "genetic_testing_results": "05/20/18: Ascites cell block interpreted as benign, and negative for KRAS mutations in exons  2, 3 and 4."
}
      [G1-FORMAT] ok, keys=['genetic_testing_results']
      [G2-SCHEMA] ok
  Genetic_Testing_Results (full note): 0.9s
    [POST-MEDICATION-SUPPLEMENT] Added missing meds: ['creon']
    [POST-STAGE-CTNM] filled empty stage from TNM in note: 'pT2N3'
    [POST-DISTMET] added empty Distant Metastasis field (general Metastasis is not an M1 proxy)
    [POST-RESPONSE-SURVEILLANCE] resected + surveillance, no active tx → surveillance statement
    [POST-SUPP-SUPPLEMENT] recovered supportive meds: ['Creon (pancreatic enzyme)']
    [POST-MET-FINAL] '' → 'Yes, historical pathologically confirmed regional lymph-node involvement (N3)' (rebuilt from regional evidence and Distant ceiling)
    [POST-GENETIC-RESULTS-FINAL] normalized empty fallback; recovered completed MMR result from source: '' → 'MMR proteins intact by IHC (pMMR).'
  Row 14 total: 33.1s
  Row 14 saved to progress

Processing row 15 (16/20)...
  Injected 1 term definitions: ['stable disease']
  Trying regex extraction...
  Regex matched: 'ASSESSMENT & PLAN'
  Regex extraction succeeded (2980 chars)
  A/P extraction: 0.0s
    Reason_for_Visit: 3.1s
      [EXTRACT] raw={
"Patient type": "Follow up",
"second opinion": "no",
"in-person": "in-person",
"summary": "Patient [REDACTED] [REDACTED] is an 86-year-old female with pancreatic adenocarcinoma presenting for follow
      [G1-FORMAT] ok, keys=['Patient type', 'second opinion', 'in-person', 'summary']
      [G2-SCHEMA] ok
    Cancer_Diagnosis: 1.6s
      [EXTRACT] raw={
  "Type_of_Cancer": "Pancreatic adenocarcinoma",
  "Stage_of_Cancer": "Stage IIB (cT1c, cN1, cM0)",
  "Distant_Metastasis": "No",
  "Metastasis": "Regional nodal involvement; no distant metastasis"

      [G1-FORMAT] ok, keys=['Type_of_Cancer', 'Stage_of_Cancer', 'Distant Metastasis', 'Metastasis']
      [G2-SCHEMA] ok
    Lab_Results: 4.4s
      [EXTRACT] raw={
"lab_summary": "Alkaline Phosphatase 68 U/L, Bilirubin, Total 0.9 mg/dL, Alanine transaminase 20 U/L, Aspartate transaminase 25 U/L, Creatinine 0.46 mg/dL, eGFR if non-African American 90 mL/min, eG
      [G1-FORMAT] ok, keys=['lab_summary']
      [G2-SCHEMA] ok
    Clinical_Findings: 3.2s
      [EXTRACT] raw={
"findings": "CT abdomen/pelvis with contrast on 05/08/2019 shows slight improvement in pancreatic ductal dilatation, currently measuring 9 mm (previously measuring 12 mm). Ill-defined pancreatic mas
      [G1-FORMAT] ok, keys=['findings']
      [G2-SCHEMA] ok
    Current_Medications: 0.5s
      [EXTRACT] raw={
"current_meds": "gemcitabine"
}
      [G1-FORMAT] ok, keys=['current_meds']
      [G2-SCHEMA] ok
    Treatment_Changes: 1.3s
      [EXTRACT] raw={
"recent_changes": "Plan to continue with gemcitabine monotherapy but change to alternating week schedule for better tolerability.",
"supportive_meds": "prochlorperazine (COMPAZINE) 5 mg by mouth eve
      [G1-FORMAT] ok, keys=['recent_changes', 'supportive_meds']
      [G2-SCHEMA] ok
  Phase 1 extraction (6 prompts): 14.1s
  Cross-context injected (1385 chars)
    Treatment_Goals: 1.8s
      [EXTRACT] raw={
"goals_of_treatment": "palliative",
"goals_description": "Given her age, comorbidities and preference, she is not a candidate for surgical resection. As such, the mainstay of treatment for her would
      [G1-FORMAT] ok, keys=['goals_of_treatment', 'goals_description']
      [G2-SCHEMA] ok
    Response_Assessment: 3.6s
      [EXTRACT] raw={
"response_assessment": "The cancer is showing stable disease. CT abdomen/pelvis with contrast on 05/08/2019 shows that the ill-defined pancreatic mass is no longer seen, likely related to treatment.
      [G1-FORMAT] ok, keys=['response_assessment']
      [G2-SCHEMA] ok
  Phase 2 extraction (2 prompts): 5.5s
  Total extraction: 19.6s
    Medication_Plan: 1.5s
      [EXTRACT] raw={
    "medication_plan": "Continue with gemcitabine monotherapy but change to an alternating week schedule for better tolerability. Continue sennokot 4 times per week, recommended to take daily. Conti
      [G1-FORMAT] ok, keys=['medication_plan']
      [G2-SCHEMA] ok
    Therapy_plan: 0.6s
      [EXTRACT] raw={
    "therapy_plan": "Continue with gemcitabine monotherapy but change to an alternating week schedule for better tolerability."
}
      [G1-FORMAT] ok, keys=['therapy_plan']
      [G2-SCHEMA] ok
    radiotherapy_plan: 0.3s
      [EXTRACT] raw={
    "radiotherapy_plan": "None"
}
      [G1-FORMAT] ok, keys=['radiotherapy_plan']
      [G2-SCHEMA] ok
    Procedure_Plan: 0.8s
      [EXTRACT] raw={
    "procedure_plan": "Plan to continue with gemcitabine monotherapy on an alternating week schedule. Will defer to her dentist regarding continued monitoring; pt to continue to chlorhexidine rinses
      [G1-FORMAT] ok, keys=['procedure_plan']
      [G2-SCHEMA] ok
    Imaging_Plan: 0.9s
      [EXTRACT] raw={
    "imaging_plan": "Plan to continue with monthly CA 19-9 levels and restaging CT cap with contrast every 2 months to monitor treatment response. Her next set of scans will be due after this cycle.
      [G1-FORMAT] ok, keys=['imaging_plan']
      [G2-SCHEMA] ok
    Lab_Plan: 0.4s
      [EXTRACT] raw={
    "lab_plan": "Plan to continue with monthly CA 19-9 levels."
}
      [G1-FORMAT] ok, keys=['lab_plan']
      [G2-SCHEMA] ok
    Genetic_Testing_Plan: 0.4s
      [EXTRACT] raw={
    "genetic_testing_plan": "None planned."
}
      [G1-FORMAT] ok, keys=['genetic_testing_plan']
      [G2-SCHEMA] ok
    follow_up_next_visit: 0.6s
      [EXTRACT] raw={
    "Next clinic visit": "in-person: on 05/16/19 with [REDACTED] [REDACTED]"
}
      [G1-FORMAT] ok, keys=['Next clinic visit']
      [G2-SCHEMA] ok
    Advance_care_planning: 0.3s
      [EXTRACT] raw={
    "Advance care": "Not discussed during this visit."
}
      [G1-FORMAT] ok, keys=['Advance care']
      [G2-SCHEMA] ok
  Plan extraction prompts: 5.7s
    Referral: 1.5s
      [EXTRACT] raw={
"Nutrition": "We will refer to nutritionist.",
"Genetics": "None",
"Specialty": "Evaluated by her dentist; found to have periodontal inflammation and a deep pocket associated with her last left lowe
      [G1-FORMAT] ok, keys=['Nutrition', 'Genetics', 'Specialty', 'Others', 'follow up']
      [G2-SCHEMA] ok
  Referral extraction (full note): 1.5s
    Genetic_Testing_Results: 0.7s
      [EXTRACT] raw={
    "genetic_testing_results": "Brushings; pancreatic adenocarcinoma (no MMR testing)"
}
      [G1-FORMAT] ok, keys=['genetic_testing_results']
      [G2-SCHEMA] ok
  Genetic_Testing_Results (full note): 0.7s
    [POST-REFERRAL] found in full note: Nutrition
    [POST-THERAPY-SUPPLEMENT] Found therapy in A/P: ['gemcitabine']
    [POST-MEDICATION-SUPPLEMENT] Added missing meds: ['gemcitabine']
    [POST-STAGE-EXPLICIT] captured formal stage: 'Stage IIB (cT1c,cN1,cM0)'
    [POST-DISTMET] added empty Distant Metastasis field (general Metastasis is not an M1 proxy)
    [POST-MEDS-IV-CHECK] Added from A/P: gemcitabine
    [POST-MEDS-FINAL] '' → 'gemcitabine' (added active gemcitabine)
    [POST-RESPONSE-FINAL] explicit treatment-linked mass disappearance preserved: '' → 'Her scans obtained on 05/08/19 showed that the ill-defined pancreatic mass is no longer seen, likely'
    [POST-MET-FINAL] '' → 'Not sure' (rebuilt from regional evidence and Distant ceiling)
    [POST-GENETIC-RESULTS-FINAL] normalized empty fallback: '' → 'No genetic testing results in note.'
  Row 15 total: 27.5s
  Row 15 saved to progress

Processing row 16 (17/20)...
  Injected 1 term definitions: ['stable disease']
  Trying regex extraction...
  Regex matched: 'Assessment/Plan'
  Regex extraction succeeded (618 chars)
  A/P extraction: 0.0s
    Reason_for_Visit: 1.8s
      [EXTRACT] raw={
"Patient type": "Follow up",
"second opinion": "no",
"in-person": "in-person",
"summary": "58 y.o. male with locally advanced pMMR pancreatic adenocarcinoma. Purpose of this visit is to continue cli
      [G1-FORMAT] ok, keys=['Patient type', 'second opinion', 'in-person', 'summary']
      [G2-SCHEMA] ok
    Cancer_Diagnosis: 1.4s
      [EXTRACT] raw={
"Type_of_Cancer": "Locally advanced pancreatic adenocarcinoma",
"Stage_of_Cancer": "Locally advanced",
"Distant Metastasis": "No",
"Metastasis": "No distant metastasis; locally advanced with vascula
      [G1-FORMAT] ok, keys=['Type_of_Cancer', 'Stage_of_Cancer', 'Distant Metastasis', 'Metastasis']
      [G2-SCHEMA] ok
    Lab_Results: 3.0s
      [EXTRACT] raw={
"lab_summary": "WBC Count 6.0, Hemoglobin 13.8, Hematocrit 40.4 (L), Platelet Count 151, Neutrophil Absolute Count 3.74, Alanine transaminase 39, Aspartate transaminase 44 (H), Alkaline Phosphatase 
      [G1-FORMAT] ok, keys=['lab_summary']
      [G2-SCHEMA] ok
    Clinical_Findings: 1.8s
      [EXTRACT] raw={
"findings": "Patient is on chemotherapy break since 11/06/18. Imaging results from 02/02/19 show stable disease. No recent imaging reviewed. Physical exam shows no tenderness, guarding, or mass in a
      [G1-FORMAT] ok, keys=['findings']
      [G2-SCHEMA] ok
    Current_Medications: 0.4s
      [EXTRACT] raw={
"current_meds": ""
}
      [G1-FORMAT] ok, keys=['current_meds']
      [G2-SCHEMA] ok
    Treatment_Changes: 0.5s
      [EXTRACT] raw={
"recent_changes": "",
"supportive_meds": "PainSc: 5"
}
      [G1-FORMAT] ok, keys=['recent_changes', 'supportive_meds']
      [G2-SCHEMA] ok
  Phase 1 extraction (6 prompts): 8.8s
  Cross-context injected (782 chars)
    Treatment_Goals: 0.7s
      [EXTRACT] raw={
"goals_of_treatment": "palliative",
"goals_description": "Not explicitly stated."
}
      [G1-FORMAT] ok, keys=['goals_of_treatment', 'goals_description']
      [G2-SCHEMA] ok
    Response_Assessment: 1.0s
      [EXTRACT] raw={
"response_assessment": "The patient is currently on a chemotherapy break since 11/06/18. Imaging results from 02/02/19 show stable disease. No recent imaging reviewed."
}
      [G1-FORMAT] ok, keys=['response_assessment']
      [G2-SCHEMA] ok
  Phase 2 extraction (2 prompts): 1.7s
  Total extraction: 10.5s
    Medication_Plan: 0.7s
      [EXTRACT] raw={
    "medication_plan": "Patient is on chemotherapy break since 11/06/18."
}
      [G1-FORMAT] ok, keys=['medication_plan']
      [G2-SCHEMA] ok
    Therapy_plan: 0.7s
      [EXTRACT] raw={
    "therapy_plan": "Patient is on chemotherapy break since 11/06/18 and continues to do clinically well. No additional therapy plans mentioned."
}
      [G1-FORMAT] ok, keys=['therapy_plan']
      [G2-SCHEMA] ok
    radiotherapy_plan: 0.3s
      [EXTRACT] raw={
    "radiotherapy_plan": "None"
}
      [G1-FORMAT] ok, keys=['radiotherapy_plan']
      [G2-SCHEMA] ok
    Procedure_Plan: 0.3s
      [EXTRACT] raw={
    "procedure_plan": "No procedures planned."
}
      [G1-FORMAT] ok, keys=['procedure_plan']
      [G2-SCHEMA] ok
    Imaging_Plan: 0.5s
      [EXTRACT] raw={
    "imaging_plan": "Agrees to complete a new CT CAP in July 2019."
}
      [G1-FORMAT] ok, keys=['imaging_plan']
      [G2-SCHEMA] ok
    Lab_Plan: 0.3s
      [EXTRACT] raw={
    "lab_plan": "No labs planned."
}
      [G1-FORMAT] ok, keys=['lab_plan']
      [G2-SCHEMA] ok
    Genetic_Testing_Plan: 0.3s
      [EXTRACT] raw={
    "genetic_testing_plan": "None planned."
}
      [G1-FORMAT] ok, keys=['genetic_testing_plan']
      [G2-SCHEMA] ok
    follow_up_next_visit: 0.4s
      [EXTRACT] raw={
    "Next clinic visit": "in-person: June 2019"
}
      [G1-FORMAT] ok, keys=['Next clinic visit']
      [G2-SCHEMA] ok
    Advance_care_planning: 0.3s
      [EXTRACT] raw={
    "Advance care": "Not discussed during this visit."
}
      [G1-FORMAT] ok, keys=['Advance care']
      [G2-SCHEMA] ok
  Plan extraction prompts: 3.8s
    Referral: 1.0s
      [EXTRACT] raw={
"Nutrition": "None",
"Genetics": "None",
"Specialty": "None",
"Others": "None",
"follow up": "Agrees to complete a new CT CAP in July 2019. RTC: June 2019"
}
      [G1-FORMAT] ok, keys=['Nutrition', 'Genetics', 'Specialty', 'Others', 'follow up']
      [G2-SCHEMA] ok
  Referral extraction (full note): 1.0s
    Genetic_Testing_Results: 1.9s
      [EXTRACT] raw={
    "genetic_testing_results": "Foundation Medicine results: MS-Stable, Tumor mutational burden = 5 Muts/Mb, KRAS G12V, TP53 I195F, VUS: CBL P782L, CDKN2A/B loss, MTOR R2109, NKX2-1 G239_G241del, PD
      [G1-FORMAT] ok, keys=['genetic_testing_results']
      [G2-SCHEMA] ok
  Genetic_Testing_Results (full note): 1.9s
    [POST-STAGE-LOCALLY-ADVANCED] descriptive extent retained → 'Locally advanced (unresectable)'
    [POST-DISTMET] added empty Distant Metastasis field (general Metastasis is not an M1 proxy)
    [POST-MEDS-IV-CHECK] Added from A/P: folfirinox
    [POST-MET-FINAL] '' → 'Not sure' (rebuilt from regional evidence and Distant ceiling)
    [POST-GENETIC-RESULTS-FINAL] normalized empty fallback: '' → 'No genetic testing results in note.'
  Row 16 total: 17.2s
  Row 16 saved to progress

Processing row 17 (18/20)...
  Injected 2 term definitions: ['neoadjuvant therapy', 'adjuvant therapy']
  Trying regex extraction...
  Regex matched: 'ASSESSMENT:'
  Regex extraction succeeded (1753 chars)
  A/P extraction: 0.0s
    Reason_for_Visit: 3.1s
      [EXTRACT] raw={
"Patient type": "Follow up",
"second opinion": "no",
"in-person": "Televisit",
"summary": "Adenocarcinoma of the tail of the pancreas, status post distal pancreatectomy and splenectomy with positive
      [G1-FORMAT] ok, keys=['Patient type', 'second opinion', 'in-person', 'summary']
      [G2-SCHEMA] ok
    Cancer_Diagnosis: 1.6s
      [EXTRACT] raw={
  "Type_of_Cancer": "Moderately differentiated adenocarcinoma of the tail of the pancreas",
  "Stage_of_Cancer": "Not staged in note",
  "Distant_Metastasis": "No",
  "Metastasis": "2 of 29 lymph no
      [G1-FORMAT] ok, keys=['Type_of_Cancer', 'Stage_of_Cancer', 'Distant Metastasis', 'Metastasis']
      [G2-SCHEMA] ok
    Lab_Results: 7.0s
      [EXTRACT] raw={
"lab_summary": "Albumin 3.4 g/dL, Alkaline Phosphatase 151 U/L, Alanine transaminase 29 U/L, AST 24 U/L, Bilirubin, Total 0.3 mg/dL, Urea Nitrogen 12 mg/dL, Calcium 9.3 mg/dL, Chloride 99 mmol/L, Cr
      [G1-FORMAT] ok, keys=['lab_summary']
      [G2-SCHEMA] ok
    Clinical_Findings: 7.5s
      [EXTRACT] raw={
"findings": "Expected postsurgical changes related to prior distal pancreatectomy of the body and tail. No evidence of metastatic disease in the abdomen or pelvis. Interval resolution of previously 
      [G1-FORMAT] ok, keys=['findings']
      [G2-SCHEMA] ok
    Current_Medications: 0.4s
      [EXTRACT] raw={
"current_meds": ""
}
      [G1-FORMAT] ok, keys=['current_meds']
      [G2-SCHEMA] ok
    Treatment_Changes: 1.4s
      [EXTRACT] raw={
"recent_changes": "We will hold her chemotherapy until she has resolution of her hand-foot syndrome. We will then resume treatment, treating 5 days out of 7.",
"supportive_meds": "lipase-protease-am
      [G1-FORMAT] ok, keys=['recent_changes', 'supportive_meds']
      [G2-SCHEMA] ok
  Phase 1 extraction (6 prompts): 21.0s
  Cross-context injected (1970 chars)
    Treatment_Goals: 0.8s
      [EXTRACT] raw={
"goals_of_treatment": "curative",
"goals_description": "Not explicitly stated."
}
      [G1-FORMAT] ok, keys=['goals_of_treatment', 'goals_description']
      [G2-SCHEMA] ok
    Response_Assessment: 2.7s
      [EXTRACT] raw={
"response_assessment": "The patient has completed neoadjuvant therapy with gemcitabine and Abraxane, which was stopped due to severe adverse events. She underwent a distal pancreatectomy and splenec
      [G1-FORMAT] ok, keys=['response_assessment']
      [G2-SCHEMA] ok
  Phase 2 extraction (2 prompts): 3.6s
  Total extraction: 24.6s
    Medication_Plan: 1.0s
      [EXTRACT] raw={
    "medication_plan": "Hold chemotherapy until resolution of hand-foot syndrome. Resume chemotherapy treating 5 days out of 7. Start Lovenox for incidental PE. Get Dopplers to check for DVT."
}
      [G1-FORMAT] ok, keys=['medication_plan']
      [G2-SCHEMA] ok
    Therapy_plan: 0.7s
      [EXTRACT] raw={
    "therapy_plan": "We will hold her chemotherapy until she has resolution of her hand-foot syndrome. We will then resume treatment, treating 5 days out of 7."
}
      [G1-FORMAT] ok, keys=['therapy_plan']
      [G2-SCHEMA] ok
    radiotherapy_plan: 0.3s
      [EXTRACT] raw={
    "radiotherapy_plan": "None"
}
      [G1-FORMAT] ok, keys=['radiotherapy_plan']
      [G2-SCHEMA] ok
    Procedure_Plan: 0.3s
      [EXTRACT] raw={
    "procedure_plan": "No procedures planned."
}
      [G1-FORMAT] ok, keys=['procedure_plan']
      [G2-SCHEMA] ok
    Imaging_Plan: 0.5s
      [EXTRACT] raw={
    "imaging_plan": "Will get Dopplers to understand whether she has DVT."
}
      [G1-FORMAT] ok, keys=['imaging_plan']
      [G2-SCHEMA] ok
    Lab_Plan: 0.3s
      [EXTRACT] raw={
    "lab_plan": "No labs planned."
}
      [G1-FORMAT] ok, keys=['lab_plan']
      [G2-SCHEMA] ok
    Genetic_Testing_Plan: 0.4s
      [EXTRACT] raw={
    "genetic_testing_plan": "None planned."
}
      [G1-FORMAT] ok, keys=['genetic_testing_plan']
      [G2-SCHEMA] ok
    follow_up_next_visit: 0.3s
      [EXTRACT] raw={
    "Next clinic visit": "Not explicitly mentioned"
}
      [G1-FORMAT] ok, keys=['Next clinic visit']
      [G2-SCHEMA] ok
    Advance_care_planning: 0.3s
      [EXTRACT] raw={
    "Advance care": "Not discussed during this visit."
}
      [G1-FORMAT] ok, keys=['Advance care']
      [G2-SCHEMA] ok
  Plan extraction prompts: 4.1s
    Referral: 1.2s
      [EXTRACT] raw={
"Nutrition": "None",
"Genetics": "None",
"Specialty": "GI surgical oncology at [REDACTED]",
"Others": "None",
"follow up": "We will hold her chemotherapy until she has resolution of her hand-foot sy
      [G1-FORMAT] ok, keys=['Nutrition', 'Genetics', 'Specialty', 'Others', 'follow up']
      [G2-SCHEMA] ok
  Referral extraction (full note): 1.2s
    Genetic_Testing_Results: 0.7s
      [EXTRACT] raw={
    "genetic_testing_results": "She has had some genetic testing in the past and is known to carry an ATM VUS."
}
      [G1-FORMAT] ok, keys=['genetic_testing_results']
      [G2-SCHEMA] ok
  Genetic_Testing_Results (full note): 0.7s
    [POST-VISIT-TYPE] Corrected: → Televisit (video/telehealth in note)
    [POST-THERAPY-SUPPLEMENT] Found therapy in A/P: ['capecitabine']
    [POST-DISTMET] added empty Distant Metastasis field (general Metastasis is not an M1 proxy)
    [POST-SUPP-SUPPLEMENT] recovered supportive meds: ['Creon (pancreatic enzyme)', 'Lovenox']
    [POST-MEDS-IV-CHECK] Added from A/P: capecitabine
    [POST-MET-FINAL] '' → 'Yes, historical pathologically confirmed regional lymph-node involvement (2/29 nodes positive)' (rebuilt from regional evidence and Distant ceiling)
    [POST-GENETIC-RESULTS-FINAL] normalized empty fallback: '' → 'No genetic testing results in note.'
  Row 17 total: 30.7s
  Row 17 saved to progress

Processing row 18 (19/20)...
  Trying regex extraction...
  Regex matched: 'ASSESSMENT / PLAN:'
  Regex extraction succeeded (2150 chars)
  A/P extraction: 0.0s
    Reason_for_Visit: 2.4s
      [EXTRACT] raw={
"Patient type": "New patient",
"second opinion": "no",
"in-person": "in-person",
"summary": "Localized adenocarcinoma of the pancreas, on therapy with uncertain disease control. Patient is scheduled
      [G1-FORMAT] ok, keys=['Patient type', 'second opinion', 'in-person', 'summary']
      [G2-SCHEMA] ok
    Cancer_Diagnosis: 1.7s
      [EXTRACT] raw={
"Type_of_Cancer": "Locally advanced and unresectable adenocarcinoma of the head of the pancreas",
"Stage_of_Cancer": "Locally advanced (unresectable)",
"Distant Metastasis": "Not sure/Suspected, to 
      [G1-FORMAT] ok, keys=['Type_of_Cancer', 'Stage_of_Cancer', 'Distant Metastasis', 'Metastasis']
      [G2-SCHEMA] ok
    Lab_Results: 4.5s
      [EXTRACT] raw={
"lab_summary": "Albumin 3.3 (L), Alkaline Phosphatase 493 (H), Alanine transaminase 387 (H), Aspartate transaminase 357 (H), Bilirubin, Total 7.4 (H), Urea Nitrogen 15, Calcium 9.2, Chloride 94 (L),
      [G1-FORMAT] ok, keys=['lab_summary']
      [G2-SCHEMA] ok
    Clinical_Findings: 4.3s
      [EXTRACT] raw={
"findings": "CT scan shows an interval increase in size of the ill-defined pancreatic head/uncinate process mass, leading to obstruction of the biliary system with proximal intrahepatic and extrahep
      [G1-FORMAT] ok, keys=['findings']
      [G2-SCHEMA] ok
    Current_Medications: 0.4s
      [EXTRACT] raw={
"current_meds": ""
}
      [G1-FORMAT] ok, keys=['current_meds']
      [G2-SCHEMA] ok
    Treatment_Changes: 1.7s
      [EXTRACT] raw={
"recent_changes": "Postponed today's infusion of FOLFIRINOX due to lab results indicating possible disease progression, biliary obstruction, or ascending cholangitis. Recommended urgent imaging to r
      [G1-FORMAT] ok, keys=['recent_changes', 'supportive_meds']
      [G2-SCHEMA] ok
  Phase 1 extraction (6 prompts): 15.0s
  Cross-context injected (1526 chars)
    Treatment_Goals: 0.7s
      [EXTRACT] raw={
"goals_of_treatment": "palliative",
"goals_description": "Not explicitly stated."
}
      [G1-FORMAT] ok, keys=['goals_of_treatment', 'goals_description']
      [G2-SCHEMA] ok
    Response_Assessment: 3.6s
      [EXTRACT] raw={
"response_assessment": "The cancer is showing signs of possible progression or complications related to treatment. Lab results indicate elevated levels of total bilirubin (7.4 mg/dL), alkaline phosp
      [G1-FORMAT] ok, keys=['response_assessment']
      [G2-SCHEMA] ok
  Phase 2 extraction (2 prompts): 4.3s
  Total extraction: 19.3s
    Medication_Plan: 0.8s
      [EXTRACT] raw={
    "medication_plan": "Hold chemotherapy (due to potential disease progression, biliary obstruction, or ascending cholangitis)."
}
      [G1-FORMAT] ok, keys=['medication_plan']
      [G2-SCHEMA] ok
    Therapy_plan: 0.9s
      [EXTRACT] raw={
    "therapy_plan": "Patient is currently on therapy with FOLFIRINOX. Most recent treatment was 2 cycles. Today's infusion was postponed due to concerns over disease progression or biliary obstructi
      [G1-FORMAT] ok, keys=['therapy_plan']
      [G2-SCHEMA] ok
    radiotherapy_plan: 0.3s
      [EXTRACT] raw={
    "radiotherapy_plan": "None"
}
      [G1-FORMAT] ok, keys=['radiotherapy_plan']
      [G2-SCHEMA] ok
    Procedure_Plan: 0.6s
      [EXTRACT] raw={
    "procedure_plan": "Will have pt undergo bilateral US today to r/o DVT. An urgent referral to GI for an ERCP was placed."
}
      [G1-FORMAT] ok, keys=['procedure_plan']
      [G2-SCHEMA] ok
    Imaging_Plan: 0.7s
      [EXTRACT] raw={
    "imaging_plan": "Urgent imaging to rule out biliary ductal dilatation versus disease progression in the liver. Bilateral US today to rule out DVT."
}
      [G1-FORMAT] ok, keys=['imaging_plan']
      [G2-SCHEMA] ok
    Lab_Plan: 0.8s
      [EXTRACT] raw={
    "lab_plan": "Postpone today's infusion and have the patient undergo urgent imaging to rule out biliary ductal dilatation versus disease progression in the liver. No specific future blood tests o
      [G1-FORMAT] ok, keys=['lab_plan']
      [G2-SCHEMA] ok
    Genetic_Testing_Plan: 0.4s
      [EXTRACT] raw={
    "genetic_testing_plan": "None planned."
}
      [G1-FORMAT] ok, keys=['genetic_testing_plan']
      [G2-SCHEMA] ok
    follow_up_next_visit: 0.6s
      [EXTRACT] raw={
    "Next clinic visit": "Not explicitly mentioned: The note discusses immediate actions like urgent imaging and potential ED visits, but does not specify a next clinic visit timing or purpose."
}
      [G1-FORMAT] ok, keys=['Next clinic visit']
      [G2-SCHEMA] ok
    Advance_care_planning: 0.3s
      [EXTRACT] raw={
    "Advance care": "Not discussed during this visit."
}
      [G1-FORMAT] ok, keys=['Advance care']
      [G2-SCHEMA] ok
  Plan extraction prompts: 5.5s
    Referral: 1.3s
      [EXTRACT] raw={
"Nutrition": "None",
"Genetics": "None",
"Specialty": "Encouraged referral to SMS to help with management of her pain, fatigue, and anorexia. Pt agrees to this consultation.",
"Others": "Will have p
      [G1-FORMAT] ok, keys=['Nutrition', 'Genetics', 'Specialty', 'Others', 'follow up']
      [G2-SCHEMA] ok
  Referral extraction (full note): 1.3s
    Genetic_Testing_Results: 0.6s
      [EXTRACT] raw={
    "genetic_testing_results": "FNA of the mass revealed an adenocarcinoma."
}
      [G1-FORMAT] ok, keys=['genetic_testing_results']
      [G2-SCHEMA] ok
  Genetic_Testing_Results (full note): 0.6s
    [POST-LAB-SEARCH] Found labs in full note: PLAN:  1. Localized adenocarcinoma of the pancreas, on thera
    [POST-IMAGING] found in note: CT scan
    [POST-PROCEDURE-ENDO] captured endoscopic/biliary procedure: 'ERCP'
    [POST-PROCEDURE-ENDO-FINAL] recovered 'ERCP'
    [POST-REFERRAL-SMS] added SMS symptom-management referral
    [POST-STAGE-LOCALLY-ADVANCED] descriptive extent retained → 'Locally advanced (unresectable)'
    [POST-DISTMET] added empty Distant Metastasis field (general Metastasis is not an M1 proxy)
    [POST-SUPP-SUPPLEMENT] recovered supportive meds: ['Creon (pancreatic enzyme)']
    [POST-MEDS-IV-CHECK] Added from A/P: folfirinox
    [POST-MEDS-FINAL] '' → 'FOLFIRINOX' (added active FOLFIRINOX)
    [POST-MET-FINAL] '' → 'Not sure' (rebuilt from regional evidence and Distant ceiling)
    [POST-GENETIC-RESULTS-FINAL] normalized empty fallback: '' → 'No genetic testing results in note.'
  Row 18 total: 26.7s
  Row 18 saved to progress

Processing row 19 (20/20)...
  Trying regex extraction...
  Regex matched: 'Impression and Recommendations:'
  Regex extraction succeeded (5358 chars)
  A/P extraction: 0.0s
    Reason_for_Visit: 1.8s
      [EXTRACT] raw={
"Patient type": "New patient",
"second opinion": "no",
"in-person": "in-person",
"summary": "Initial consult for newly diagnosed metastatic pancreatic adenocarcinoma."
}
      [G1-FORMAT] ok, keys=['Patient type', 'second opinion', 'in-person', 'summary']
      [G2-SCHEMA] ok
    Cancer_Diagnosis: 1.6s
      [EXTRACT] raw={
"Type_of_Cancer": "Pancreatic adenocarcinoma",
"Stage_of_Cancer": "Metastatic (Stage IV)",
"Distant Metastasis": "Yes, to liver and peritoneum/omentum",
"Metastasis": "Radiographically involved regi
      [G1-FORMAT] ok, keys=['Type_of_Cancer', 'Stage_of_Cancer', 'Distant Metastasis', 'Metastasis']
      [G2-SCHEMA] ok
    Lab_Results: 1.1s
      [EXTRACT] raw={
"lab_summary": "WBC 6.0, Hct 46.5, plts 207, Creat 1.16, Alb 4.3, AST 26, ALT 61, tot bili 0.6, alk phos 63"
}
      [G1-FORMAT] ok, keys=['lab_summary']
      [G2-SCHEMA] ok
    Clinical_Findings: 1.9s
      [EXTRACT] raw={
"findings": "Pathology: Fine needle biopsy of pancreatic tail mass confirms adenocarcinoma with cystic and necrotic components, measuring 39.4 mm by 22.6 mm. Imaging: CT scan shows a 5 cm cystic les
      [G1-FORMAT] ok, keys=['findings']
      [G2-SCHEMA] ok
    Current_Medications: 0.4s
      [EXTRACT] raw={
"current_meds": ""
}
      [G1-FORMAT] ok, keys=['current_meds']
      [G2-SCHEMA] ok
    Treatment_Changes: 0.8s
      [EXTRACT] raw={
"recent_changes": "",
"supportive_meds": "oxyCODONE-acetaminophen (Percocet) 5-325 mg tablet, Lorazepam PRN"
}
      [G1-FORMAT] ok, keys=['recent_changes', 'supportive_meds']
      [G2-SCHEMA] ok
  Phase 1 extraction (6 prompts): 7.6s
  Cross-context injected (922 chars)
    Treatment_Goals: 1.2s
      [EXTRACT] raw={
"goals_of_treatment": "palliative",
"goals_description": "The mainstay of treatment should consist of systemic therapy with the goal of achieving as deep and durable a remission as possible, hopeful
      [G1-FORMAT] ok, keys=['goals_of_treatment', 'goals_description']
      [G2-SCHEMA] ok
    Response_Assessment: 0.7s
      [EXTRACT] raw={
"response_assessment": "Not yet on treatment — no response to assess."
}
      [G1-FORMAT] ok, keys=['response_assessment']
      [G2-SCHEMA] ok
  Phase 2 extraction (2 prompts): 1.9s
  Total extraction: 9.5s
    Medication_Plan: 2.7s
      [EXTRACT] raw={
    "medication_plan": "Potential start of chemotherapy regimens: FOLFIRINOX (biweekly infusional 5-FU, leucovorin, irinotecan, and oxaliplatin) or gemcitabine plus nab-paclitaxel. Consideration of 
      [G1-FORMAT] ok, keys=['medication_plan']
      [G2-SCHEMA] ok
    Therapy_plan: 1.9s
      [EXTRACT] raw={
    "therapy_plan": "Discussed standard of care treatment options including FOLFIRINOX or gemcitabine plus nab-paclitaxel. Also discussed clinical trial options: Precision Promise trial with either 
      [G1-FORMAT] ok, keys=['therapy_plan']
      [G2-SCHEMA] ok
    radiotherapy_plan: 0.3s
      [EXTRACT] raw={
    "radiotherapy_plan": "None"
}
      [G1-FORMAT] ok, keys=['radiotherapy_plan']
      [G2-SCHEMA] ok
    Procedure_Plan: 0.7s
      [EXTRACT] raw={
    "procedure_plan": "Fresh tumor tissue collection prior to starting treatment for Precision Promise clinical trial; pre-treatment biopsy required for REVOLUTION trial if adequate archived tumor m
      [G1-FORMAT] ok, keys=['procedure_plan']
      [G2-SCHEMA] ok
    Imaging_Plan: 1.0s
      [EXTRACT] raw={
    "imaging_plan": "The patient is potentially eligible for several non-therapeutic trials involving novel imaging and blood- and stool-based assays (for ctDNA and microbiome studies, respectively)
      [G1-FORMAT] ok, keys=['imaging_plan']
      [G2-SCHEMA] ok
    Lab_Plan: 0.3s
      [EXTRACT] raw={
    "lab_plan": "No labs planned."
}
      [G1-FORMAT] ok, keys=['lab_plan']
      [G2-SCHEMA] ok
    Genetic_Testing_Plan: 2.7s
      [EXTRACT] raw={
    "genetic_testing_plan": "Somatic tumor testing of the patient's tumor specimen to assess for the presence of any actionable mutations or other genetic alterations using the UCSF500 in-house plat
      [G1-FORMAT] ok, keys=['genetic_testing_plan']
      [G2-SCHEMA] ok
    follow_up_next_visit: 0.4s
      [EXTRACT] raw={
    "Next clinic visit": "Not explicitly mentioned in the provided note."
}
      [G1-FORMAT] ok, keys=['Next clinic visit']
      [G2-SCHEMA] ok
    Advance_care_planning: 0.3s
      [EXTRACT] raw={
    "Advance care": "Not discussed during this visit."
}
      [G1-FORMAT] ok, keys=['Advance care']
      [G2-SCHEMA] ok
  Plan extraction prompts: 10.3s
    Referral: 1.9s
      [EXTRACT] raw={
"Nutrition": "Referral made to our Cancer Center nutritionist",
"Genetics": "Additionally, the patient should undergo genetic counseling with germline testing to assess for any hereditary predisposi
      [G1-FORMAT] ok, keys=['Nutrition', 'Genetics', 'Specialty', 'Others', 'follow up']
      [G2-SCHEMA] ok
  Referral extraction (full note): 1.9s
    Genetic_Testing_Results: 0.5s
      [EXTRACT] raw={
    "genetic_testing_results": "MMR proteins all intact by IHC."
}
      [G1-FORMAT] ok, keys=['genetic_testing_results']
      [G2-SCHEMA] ok
  Genetic_Testing_Results (full note): 0.5s
    [POST-THERAPY-SUPPLEMENT] Found therapy in A/P: ['gemcitabine', 'nab-paclitaxel', 'irinotecan', 'oxaliplatin', 'leucovorin']
    [POST-MEDICATION-SUPPLEMENT] Added missing meds: ['gemcitabine', 'nab-paclitaxel']
    [POST-GENETIC-PENDING] captured assay: 'UCSF500 in-house platform' (results pending)
    [POST-GENETICS-SEARCH] found in full note: ['germline', 'germline testing']
    [POST-DISTMET] added empty Distant Metastasis field (general Metastasis is not an M1 proxy)
    [POST-METASTATIC-UPGRADE] confirmed current M1 evidence → Stage IV + distant met Yes (stage was '')
    [POST-MET-FINAL] '' → 'Not sure' (rebuilt from regional evidence and Distant ceiling)
    [POST-GENETIC-RESULTS-FINAL] normalized empty fallback; recovered completed MMR result from source: '' → 'MMR proteins intact by IHC (pMMR).'
  Row 19 total: 22.3s
  Row 19 saved to progress

Total processing time: 537.0s (9.0min)
Done! Root-level results.txt copy disabled for this run
Full results in: /home/yc/repo/med_dict_ablation_20261001/results/staged_ablation_annotated_20261001_093433/pdac/B/
