Loading model...
vLLM mode: connected to http://localhost:8000/v1
Data loaded: 20 rows (indices [0, 1, 2, 3, 4, 5, 6, 7, 8, 9, 10, 11, 12, 13, 14, 15, 16, 17, 18, 19])
Cancer type: pdac
Using pipeline: v2
Gate config: {'preserve_negatives': True, 'skip_empty_fields': True}
Chat template: qwen2
Medical dictionary loaded: 9331 terms
Oncology whitelist loaded: 136 drugs
Supportive care whitelist loaded: 78 drugs
Lab test whitelist loaded: 71 terms
Genetic test keywords loaded: 37 terms

Processing 20 rows...

Processing row 0 (1/20)...
  Trying regex extraction...
  Regex matched: 'ASSESSMENT:'
  Regex extraction succeeded (694 chars)
  A/P extraction: 0.0s
    Reason_for_Visit: 7.7s [faith-trimmed]
      [EXTRACT] raw={
"Patient type": "Follow up",
"second opinion": "no",
"in-person": "in-person",
"summary": "Locally advanced adenocarcinoma of the pancreas, with possible progression. The purpose of this visit is to
      [G1-FORMAT] ok, keys=['Patient type', 'second opinion', 'in-person', 'summary']
      [G2-SCHEMA] ok
      [G3-IMPROVE] no changes
      [G4-FAITH] second opinion: "no" -> ""
      [G4-FAITH] EMPTIED: ['second opinion']
      [G4-REVERT-INFER] second opinion: restored classification/inference "no"
    Cancer_Diagnosis: 7.5s
      [EXTRACT] raw={
"Type_of_Cancer": "Locally advanced adenocarcinoma of the pancreas",
"Stage_of_Cancer": "Locally advanced",
"Distant Metastasis": "Not sure/Suspected, to lung",
"Metastasis": "Yes — confirmed region
      [G1-FORMAT] ok, keys=['Type_of_Cancer', 'Stage_of_Cancer', 'Distant Metastasis', 'Metastasis']
      [G2-SCHEMA] ok
      [G3-IMPROVE] no changes
      [G4-FAITH] no changes (all supported)
    Lab_Results: 17.4s
      [EXTRACT] raw={
"lab_summary": "WBC Count 6.7, RBC Count 3.89, Hemoglobin 11.1, Hematocrit 33.5, MCV 86, MCH 28.5, MCHC 33.1, Platelet Count 203, Neutrophil Absolute Count 4.06, Lymphocyte Abs Cnt 1.49, Monocyte Ab
      [G1-FORMAT] ok, keys=['lab_summary']
      [G2-SCHEMA] ok
      [G3-IMPROVE] no changes
      [G4-FAITH] no changes (all supported)
    Clinical_Findings: 9.6s [improved]
      [EXTRACT] raw={
"findings": "Stable to minimally increased size of pancreatic mass compatible with known pancreatic adenocarcinoma. No evidence of metastatic disease in the abdomen/pelvis. New nodules measuring up 
      [G1-FORMAT] ok, keys=['findings']
      [G2-SCHEMA] ok
      [G3-IMPROVE] findings: "Stable to minimally increased size of pancreatic mass compatible with known panc" -> "Stable to minimally increased size of pancreatic mass compatible with known panc"
      [G4-FAITH] no changes (all supported)
    Current_Medications: 1.6s
      [EXTRACT] raw={
"current_meds": ""
}
      [G1-FORMAT] ok, keys=['current_meds']
      [G2-SCHEMA] ok
      [G3-IMPROVE] skipped (all fields empty/negative)
      [G4-FAITH] no changes (all supported)
    Treatment_Changes: 8.7s [improved]
      [EXTRACT] raw={
"recent_changes": "His 5th cycle treatment was interrupted because of biliary ductal obstruction. He had a plastic stent replaced with an uncovered metal stent. He would like to meet with psycho onc
      [G1-FORMAT] ok, keys=['recent_changes', 'supportive_meds']
      [G2-SCHEMA] ok
      [G3-IMPROVE] recent_changes: "His 5th cycle treatment was interrupted because of biliary ductal obstruction. H" -> "His 5th cycle treatment was interrupted because of biliary ductal obstruction. H"
      [G4-FAITH] no changes (all supported)
  Phase 1 extraction (6 prompts): 52.4s
  Cross-context injected (1354 chars)
    Treatment_Goals: 3.2s [faith-trimmed]
      [EXTRACT] raw={
"goals_of_treatment": "surveillance",
"goals_description": "Not explicitly stated."
}
      [G1-FORMAT] ok, keys=['goals_of_treatment', 'goals_description']
      [G2-SCHEMA] ok
      [G3-IMPROVE] no changes
      [G4-FAITH] goals_description: "Not explicitly stated." -> ""
      [G4-FAITH] EMPTIED: ['goals_description']
    Response_Assessment: 9.8s
      [EXTRACT] raw={
"response_assessment": "Stable to minimally increased size of pancreatic mass compatible with known pancreatic adenocarcinoma. No evidence of metastatic disease in the abdomen/pelvis. New nodules me
      [G1-FORMAT] ok, keys=['response_assessment']
      [G2-SCHEMA] ok
      [G3-IMPROVE] no changes
      [G4-FAITH] no changes (all supported)
  Phase 2 extraction (2 prompts): 13.0s
  Total extraction: 65.4s
    Medication_Plan: 3.4s [faith-trimmed]
      [EXTRACT] raw={
    "medication_plan": "Hold chemotherapy (patient requests a chemo break)"
}
      [G1-FORMAT] ok, keys=['medication_plan']
      [G2-SCHEMA] ok
      [G3-IMPROVE] no changes
      [G4-FAITH] medication_plan: "Hold chemotherapy (patient requests a chemo break)" -> ""
      [G4-FAITH] EMPTIED: ['medication_plan']
      [G4-REVERT] medication_plan: reverted (G4 emptied all fields)
      [G5-TEMPORAL] no changes
    Therapy_plan: 6.0s [temporal-cleaned]
      [EXTRACT] raw={
    "therapy_plan": "He would really like a chemotherapy break. This seems reasonable since he appears to have received maximum benefit on this regimen. Given the sites of disease involvement and hi
      [G1-FORMAT] ok, keys=['therapy_plan']
      [G2-SCHEMA] ok
      [G3-IMPROVE] no changes
      [G4-FAITH] no changes (all supported)
      [G5-TEMPORAL] therapy_plan: "He would really like a chemotherapy break. This seems reasonable since he appear" -> "Given the sites of disease involvement and his lack of symptoms, I think it woul"
    radiotherapy_plan: 1.3s [faith-trimmed]
      [EXTRACT] raw={
    "radiotherapy_plan": "None"
}
      [G1-FORMAT] ok, keys=['radiotherapy_plan']
      [G2-SCHEMA] ok
      [G3-IMPROVE] skipped (all fields empty/negative)
      [G4-FAITH] radiotherapy_plan: "None" -> ""
      [G4-FAITH] EMPTIED: ['radiotherapy_plan']
      [G4-PROTECT] radiotherapy_plan: restored safe negative "None"
      [G5-TEMPORAL] skipped (all fields empty/negative)
    Procedure_Plan: 1.3s [faith-trimmed]
      [EXTRACT] raw={
    "procedure_plan": "No procedures planned."
}
      [G1-FORMAT] ok, keys=['procedure_plan']
      [G2-SCHEMA] ok
      [G3-IMPROVE] skipped (all fields empty/negative)
      [G4-FAITH] procedure_plan: "No procedures planned." -> ""
      [G4-FAITH] EMPTIED: ['procedure_plan']
      [G4-PROTECT] procedure_plan: restored safe negative "No procedures planned."
      [G5-TEMPORAL] skipped (all fields empty/negative)
    Imaging_Plan: 1.4s [faith-trimmed]
      [EXTRACT] raw={
    "imaging_plan": "No imaging planned."
}
      [G1-FORMAT] ok, keys=['imaging_plan']
      [G2-SCHEMA] ok
      [G3-IMPROVE] skipped (all fields empty/negative)
      [G4-FAITH] imaging_plan: "No imaging planned." -> ""
      [G4-FAITH] EMPTIED: ['imaging_plan']
      [G4-PROTECT] imaging_plan: restored safe negative "No imaging planned."
      [G5-TEMPORAL] skipped (all fields empty/negative)
    Lab_Plan: 1.3s [faith-trimmed]
      [EXTRACT] raw={
    "lab_plan": "No labs planned."
}
      [G1-FORMAT] ok, keys=['lab_plan']
      [G2-SCHEMA] ok
      [G3-IMPROVE] skipped (all fields empty/negative)
      [G4-FAITH] lab_plan: "No labs planned." -> ""
      [G4-FAITH] EMPTIED: ['lab_plan']
      [G4-PROTECT] lab_plan: restored safe negative "No labs planned."
      [G5-TEMPORAL] skipped (all fields empty/negative)
    Genetic_Testing_Plan: 1.4s [faith-trimmed]
      [EXTRACT] raw={
    "genetic_testing_plan": "None planned."
}
      [G1-FORMAT] ok, keys=['genetic_testing_plan']
      [G2-SCHEMA] ok
      [G3-IMPROVE] skipped (all fields empty/negative)
      [G4-FAITH] genetic_testing_plan: "None planned." -> ""
      [G4-FAITH] EMPTIED: ['genetic_testing_plan']
      [G4-PROTECT] genetic_testing_plan: restored safe negative "None planned."
    follow_up_next_visit: 2.4s
      [EXTRACT] raw={
    "Next clinic visit": "in-person: 2 months for follow-up"
}
      [G1-FORMAT] ok, keys=['Next clinic visit']
      [G2-SCHEMA] ok
      [G3-IMPROVE] no changes
      [G4-FAITH] no changes (all supported)
    Advance_care_planning: 1.3s [faith-trimmed]
      [EXTRACT] raw={
    "Advance care": "Not discussed during this visit."
}
      [G1-FORMAT] ok, keys=['Advance care']
      [G2-SCHEMA] ok
      [G3-IMPROVE] skipped (all fields empty/negative)
      [G4-FAITH] Advance care: "Not discussed during this visit." -> ""
      [G4-FAITH] EMPTIED: ['Advance care']
      [G4-PROTECT] Advance care: restored safe negative "Not discussed during this visit."
  Plan extraction prompts: 19.9s
    Referral: 6.7s [faith-trimmed]
      [EXTRACT] raw={
"Nutrition": "None",
"Genetics": "None",
"Specialty": "None",
"Others": "He would like to meet with psycho oncology as he is having some difficulty coping with his disease and with some social and e
      [G1-FORMAT] ok, keys=['Nutrition', 'Genetics', 'Specialty', 'Others', 'follow up']
      [G2-SCHEMA] ok
      [G3-IMPROVE] no changes
      [G4-FAITH] Nutrition: "None" -> ""
      [G4-FAITH] Specialty: "None" -> "psycho oncology"
      [G4-FAITH] Genetics: "None" -> ""
      [G4-FAITH] EMPTIED: ['Nutrition', 'Genetics']
      [G4-PROTECT] Nutrition: restored safe negative "None"
      [G4-PROTECT] Genetics: restored safe negative "None"
  Referral extraction (full note): 6.7s
    Genetic_Testing_Results: 2.4s [faith-trimmed]
      [EXTRACT] raw={
    "genetic_testing_results": "No genetic testing results in note."
}
      [G1-FORMAT] ok, keys=['genetic_testing_results']
      [G2-SCHEMA] ok
      [G3-IMPROVE] no changes
      [G4-FAITH] genetic_testing_results: "No genetic testing results in note." -> ""
      [G4-FAITH] EMPTIED: ['genetic_testing_results']
      [G4-REVERT] genetic_testing_results: reverted (G4 emptied all fields)
  Genetic_Testing_Results (full note): 2.4s
    [POST-OTHERS] cleaned: 'He would like to meet with psycho oncology as he is having some difficulty copin...' → 'None'
    [POST-THERAPY] cleared (no oncology drugs found): Given the sites of disease involvement and his lack of symptoms, I think it woul
    [POST-STAGE-LOCALLY-ADVANCED] descriptive extent retained → 'Locally advanced'
    [POST-RESPONSE-COMPRESS] 469→102 chars (dropped plan/verbose)
  [ATTRIBUTION] 15/19 fields sourced (7.7s)
  Row 0 total: 102.3s
  Row 0 saved to progress

Processing row 1 (2/20)...
  Trying regex extraction...
  Regex matched: 'ASSESSMENT AND PLAN:'
  Regex extraction succeeded (2398 chars)
  A/P extraction: 0.0s
    Reason_for_Visit: 10.9s [faith-trimmed]
      [EXTRACT] raw={
"Patient type": "follow up",
"second opinion": "no",
"in-person": "in-person",
"summary": "Mr. [REDACTED] is a 71 y.o. male who returns to our GI Oncology practice at the UCSF Comprehensive Cancer C
      [G1-FORMAT] ok, keys=['Patient type', 'second opinion', 'in-person', 'summary']
      [G2-SCHEMA] ok
      [G3-IMPROVE] no changes
      [G4-FAITH] second opinion: "no" -> ""
      [G4-FAITH] EMPTIED: ['second opinion']
      [G4-REVERT-INFER] second opinion: restored classification/inference "no"
    Cancer_Diagnosis: 7.9s [improved]
      [EXTRACT] raw={
"Type_of_Cancer": "Adenocarcinoma of the pancreas, status post resection, now with new metastatic disease",
"Stage_of_Cancer": "Originally unspecified, now metastatic (Stage IV)",
"Distant Metastasi
      [G1-FORMAT] ok, keys=['Type_of_Cancer', 'Stage_of_Cancer', 'Distant Metastasis', 'Metastasis']
      [G2-SCHEMA] ok
      [G3-IMPROVE] Type_of_Cancer: "Adenocarcinoma of the pancreas, status post resection, now with new metastatic d" -> "Pancreatic ductal adenocarcinoma, status post resection, now with new metastatic"
      [G4-FAITH] no changes (all supported)
    Lab_Results: 13.9s [improved]
      [EXTRACT] raw={
"lab_summary": "WBC Count 7.4, Neutrophil Absolute Count 4.62, Hemoglobin 9.4 (L), Hematocrit 30.1 (L), Platelet Count 351, Creatinine 0.58 (L), Bilirubin, Total 0.4, Alkaline Phosphatase 305 (H), A
      [G1-FORMAT] ok, keys=['lab_summary']
      [G2-SCHEMA] ok
      [G3-IMPROVE] lab_summary: "WBC Count 7.4, Neutrophil Absolute Count 4.62, Hemoglobin 9.4 (L), Hematocrit 30" -> "WBC Count 7.4, Neutrophil Absolute Count 4.62, Hemoglobin 9.4 (L), Hematocrit 30"
      [G4-FAITH] no changes (all supported)
    Clinical_Findings: 34.3s [improved, faith-trimmed]
      [EXTRACT] raw={
"findings": "Patient presents for C2D1 Gemcitabine + Abraxane. Labs show WBC count of 7.4, neutrophil absolute count of 4.62, hemoglobin of 9.4 (low), hematocrit of 30.1 (low), platelet count of 351
      [G1-FORMAT] ok, keys=['findings']
      [G2-SCHEMA] ok
      [G3-IMPROVE] findings: "Patient presents for C2D1 Gemcitabine + Abraxane. Labs show WBC count of 7.4, ne" -> "Patient presents for C2D1 Gemcitabine + Abraxane. Labs show WBC count of  7.4, n"
      [G4-FAITH] findings: "Patient presents for C2D1 Gemcitabine + Abraxane. Labs show " -> "Patient presents for C2D1 Gemcitabine + Abraxane. Labs show "
    Current_Medications: 2.6s [faith-trimmed]
      [EXTRACT] raw={
"current_meds": "Gemcitabine + Abraxane"
}
      [G1-FORMAT] ok, keys=['current_meds']
      [G2-SCHEMA] ok
      [G3-IMPROVE] no changes
      [G4-FAITH] current_meds: "Gemcitabine + Abraxane" -> ""
      [G4-FAITH] EMPTIED: ['current_meds']
      [G4-REVERT] current_meds: reverted (G4 emptied all fields)
    Treatment_Changes: 7.2s [improved, faith-trimmed, supp-filtered]
      [EXTRACT] raw={
"recent_changes": "Started 2nd line therapy with Gemcitabine + Abraxane on 11/29/18.",
"supportive_meds": "granisetron (SANCUSO) 3.1 mg/24 hour patch, Creon 2 tab/meal and 1 tab/snacks, domperidone,
      [G1-FORMAT] ok, keys=['recent_changes', 'supportive_meds']
      [G2-SCHEMA] ok
      [G3-IMPROVE] supportive_meds: "granisetron (SANCUSO) 3.1 mg/24 hour patch, Creon 2 tab/meal and 1 tab/snacks, d" -> "granisetron (SANCUSO) 3.1 mg/24 hour patch, Creon 2 tab/meal and 1 tab/snacks"
      [G4-FAITH] supportive_meds: "granisetron (SANCUSO) 3.1 mg/24 hour patch, Creon 2 tab/meal" -> "granisetron (SANCUSO) 3.1 mg/24 hour patch, Creon  2 tab/mea"
      [POST-SUPP] granisetron (SANCUSO) 3.1 mg/24 hour patch, Creon  2 tab/meal and 1 tab/snacks -> granisetron (SANCUSO) 3.1 mg/24 hour patch
  Phase 1 extraction (6 prompts): 76.7s
  Cross-context injected (2016 chars)
    Treatment_Goals: 3.3s [faith-trimmed]
      [EXTRACT] raw={
"goals_of_treatment": "palliative",
"goals_description": "Not explicitly stated."
}
      [G1-FORMAT] ok, keys=['goals_of_treatment', 'goals_description']
      [G2-SCHEMA] ok
      [G3-IMPROVE] no changes
      [G4-FAITH] goals_of_treatment: "palliative" -> ""
      [G4-FAITH] goals_description: "Not explicitly stated." -> ""
      [G4-FAITH] EMPTIED: ['goals_of_treatment', 'goals_description']
      [G4-REVERT] goals_of_treatment: reverted (G4 emptied all fields)
      [G4-REVERT] goals_description: reverted (G4 emptied all fields)
    Response_Assessment: 12.9s
      [EXTRACT] raw={
"response_assessment": "The patient has started 2nd line therapy with Gemcitabine + Abraxane on 11/29/18. His labs and PS are acceptable and he agrees to proceed with C2D1 Gem/Abrax. Given that he h
      [G1-FORMAT] ok, keys=['response_assessment']
      [G2-SCHEMA] ok
      [G3-IMPROVE] no changes
      [G4-FAITH] no changes (all supported)
  Phase 2 extraction (2 prompts): 16.2s
  Total extraction: 93.0s
    Medication_Plan: 10.1s
      [EXTRACT] raw={
    "medication_plan": "Continue Gemcitabine + Abraxane on C2D1. Premedication with Aloxi & Emend. Apply granisetron patch 3.1 mg/24 hours on day 3 and take compazine PRN. Continue Creon 2 tab/meal 
      [G1-FORMAT] ok, keys=['medication_plan']
      [G2-SCHEMA] ok
      [G3-IMPROVE] no changes
      [G4-FAITH] no changes (all supported)
      [G5-TEMPORAL] no changes
    Therapy_plan: 6.9s
      [EXTRACT] raw={
    "therapy_plan": "Patient continues with C2D1 Gemcitabine + Abraxane. Dose modification of Abraxane may be required if peripheral neuropathy worsens. Currently, no dose modifications are needed a
      [G1-FORMAT] ok, keys=['therapy_plan']
      [G2-SCHEMA] ok
      [G3-IMPROVE] no changes
      [G4-FAITH] no changes (all supported)
      [G5-TEMPORAL] no changes
    radiotherapy_plan: 1.3s [faith-trimmed]
      [EXTRACT] raw={
    "radiotherapy_plan": "None"
}
      [G1-FORMAT] ok, keys=['radiotherapy_plan']
      [G2-SCHEMA] ok
      [G3-IMPROVE] skipped (all fields empty/negative)
      [G4-FAITH] radiotherapy_plan: "None" -> ""
      [G4-FAITH] EMPTIED: ['radiotherapy_plan']
      [G4-PROTECT] radiotherapy_plan: restored safe negative "None"
      [G5-TEMPORAL] skipped (all fields empty/negative)
    Procedure_Plan: 1.4s [faith-trimmed]
      [EXTRACT] raw={
    "procedure_plan": "No procedures planned."
}
      [G1-FORMAT] ok, keys=['procedure_plan']
      [G2-SCHEMA] ok
      [G3-IMPROVE] skipped (all fields empty/negative)
      [G4-FAITH] procedure_plan: "No procedures planned." -> ""
      [G4-FAITH] EMPTIED: ['procedure_plan']
      [G4-PROTECT] procedure_plan: restored safe negative "No procedures planned."
      [G5-TEMPORAL] skipped (all fields empty/negative)
    Imaging_Plan: 3.4s
      [EXTRACT] raw={
    "imaging_plan": "CT scan due after he completes cycle 2."
}
      [G1-FORMAT] ok, keys=['imaging_plan']
      [G2-SCHEMA] ok
      [G3-IMPROVE] no changes
      [G4-FAITH] no changes (all supported)
      [G5-TEMPORAL] no changes
    Lab_Plan: 3.6s [improved]
      [EXTRACT] raw={
    "lab_plan": "His labs and PS are acceptable and he will proceed with C2D1 today. CT scan due after he completes cycle 2."
}
      [G1-FORMAT] ok, keys=['lab_plan']
      [G2-SCHEMA] ok
      [G3-IMPROVE] lab_plan: "His labs and PS are acceptable and he will proceed with C2D1 today. CT scan due " -> "CT scan due after he completes cycle 2."
      [G4-FAITH] no changes (all supported)
      [G5-TEMPORAL] no changes
    Genetic_Testing_Plan: 3.0s
      [EXTRACT] raw={
    "genetic_testing_plan": "Patient's family needs to be screened for SPINK1."
}
      [G1-FORMAT] ok, keys=['genetic_testing_plan']
      [G2-SCHEMA] ok
      [G3-IMPROVE] no changes
      [G4-FAITH] no changes (all supported)
    follow_up_next_visit: 2.5s [improved]
      [EXTRACT] raw={
    "Next clinic visit": "in-person: 2 weeks"
}
      [G1-FORMAT] ok, keys=['Next clinic visit']
      [G2-SCHEMA] ok
      [G3-IMPROVE] Next clinic visit: "in-person: 2 weeks" -> "in-person: 2 weeks for follow up"
      [G4-FAITH] no changes (all supported)
    Advance_care_planning: 1.4s [faith-trimmed]
      [EXTRACT] raw={
    "Advance care": "Not discussed during this visit."
}
      [G1-FORMAT] ok, keys=['Advance care']
      [G2-SCHEMA] ok
      [G3-IMPROVE] skipped (all fields empty/negative)
      [G4-FAITH] Advance care: "Not discussed during this visit." -> ""
      [G4-FAITH] EMPTIED: ['Advance care']
      [G4-PROTECT] Advance care: restored safe negative "Not discussed during this visit."
  Plan extraction prompts: 33.4s
    Referral: 5.3s [improved, faith-trimmed]
      [EXTRACT] raw={
"Nutrition": "None",
"Genetics": "None",
"Specialty": "Followed by his PCP, Dr. [REDACTED]",
"Others": "None",
"follow up": "RETURN TO CLINIC: 2 weeks"
}
      [G1-FORMAT] ok, keys=['Nutrition', 'Genetics', 'Specialty', 'Others', 'follow up']
      [G2-SCHEMA] ok
      [G3-IMPROVE] Specialty: "Followed by his PCP, Dr. [REDACTED]" -> "None"
      [G4-FAITH] Nutrition: "None" -> ""
      [G4-FAITH] Specialty: "None" -> "GI Oncology"
      [G4-FAITH] Others: "None" -> ""
      [G4-FAITH] Genetics: "None" -> "Patient is a SPINK1 carrier. He has variant of unknown signi"
      [G4-FAITH] EMPTIED: ['Nutrition', 'Others']
      [G4-PROTECT] Nutrition: restored safe negative "None"
      [G4-PROTECT] Others: restored safe negative "None"
  Referral extraction (full note): 5.3s
    Genetic_Testing_Results: 3.7s
      [EXTRACT] raw={
    "genetic_testing_results": "Patient is a SPINK1 carrier. He has variant of unknown significance in FANCG and NF2."
}
      [G1-FORMAT] ok, keys=['genetic_testing_results']
      [G2-SCHEMA] ok
      [G3-IMPROVE] no changes
      [G4-FAITH] no changes (all supported)
  Genetic_Testing_Results (full note): 3.7s
    [POST-GENETICS] cleared completed test result: 'Patient is a SPINK1 carrier. He has variant of unknown significance in FANCG and NF2.'
    [POST-LAB] cleaned: 'CT scan due after he completes cycle 2.' → 'No labs planned.'
    [POST-THERAPY] removed non-therapy: ['Currently, no dose modifications are needed as the']
    [POST-PLAN-TEMPORAL] imaging clause cleanup: 'CT scan due after he completes cycle 2.' → 'CT scan due after he completes cycle 2'
    [POST-FINDINGS-PURITY] dropped 1 plan/lab-dump sentence(s) from findings
    [POST-SUPP-SUPPLEMENT] recovered supportive meds: ['Creon (pancreatic enzyme)']
    [POST-RESPONSE-FINAL] pure toxicity/postoperative/biliary finding removed: 'The patient has started 2nd line therapy with Gemcitabine + Abraxane on 11/29/18' → 'The patient has started 2nd line therapy with Gemcitabine + Abraxane on 11/29/18. His labs and PS ar'
  [ATTRIBUTION] 24/24 fields sourced (16.0s)
  Row 1 total: 151.5s
  Row 1 saved to progress

Processing row 2 (3/20)...
  Injected 1 term definitions: ['stable disease']
  Trying regex extraction...
  Regex matched: 'Impression and Recommendations:'
  Regex extraction succeeded (1968 chars)
  A/P extraction: 0.0s
    Reason_for_Visit: 12.3s [faith-trimmed]
      [EXTRACT] raw={
"Patient type": "Follow up",
"second opinion": "no",
"in-person": "in-person",
"summary": "Mr. [REDACTED] is a 74 y.o. male with metastatic pancreatic cancer, originally diagnosed in 2018. He return
      [G1-FORMAT] ok, keys=['Patient type', 'second opinion', 'in-person', 'summary']
      [G2-SCHEMA] ok
      [G3-IMPROVE] no changes
      [G4-FAITH] second opinion: "no" -> ""
      [G4-FAITH] EMPTIED: ['second opinion']
      [G4-REVERT-INFER] second opinion: restored classification/inference "no"
    Cancer_Diagnosis: 7.5s
      [EXTRACT] raw={
"Type_of_Cancer": "Metastatic pancreatic ductal adenocarcinoma",
"Stage_of_Cancer": "Metastatic (Stage IV)",
"Distant Metastasis": "Yes, to liver, peritoneum",
"Metastasis": "Yes — confirmed regiona
      [G1-FORMAT] ok, keys=['Type_of_Cancer', 'Stage_of_Cancer', 'Distant Metastasis', 'Metastasis']
      [G2-SCHEMA] ok
      [G3-IMPROVE] no changes
      [G4-FAITH] no changes (all supported)
    Lab_Results: 13.4s
      [EXTRACT] raw={
"lab_summary": "WBC Count 7.4, Neutrophil Absolute Count 5.37, Hemoglobin 7.6 (L), Hematocrit 25.1 (L), Platelet Count 227, Creatinine 0.66, Bilirubin, Total 0.4, Alkaline Phosphatase 207 (H), Aspar
      [G1-FORMAT] ok, keys=['lab_summary']
      [G2-SCHEMA] ok
      [G3-IMPROVE] no changes
      [G4-FAITH] no changes (all supported)
    Clinical_Findings: 25.7s [improved, faith-trimmed]
      [EXTRACT] raw={
"findings": "Pancreatic tumor: multicystic, ill-defined mass measuring 4.7 x 5.6 cm, hypoenhancing with a hypodense multicystic component, splenic artery encased by tumor, unchanged chronic occlusio
      [G1-FORMAT] ok, keys=['findings']
      [G2-SCHEMA] ok
      [G3-IMPROVE] findings: "Pancreatic tumor: multicystic, ill-defined mass measuring 4.7 x 5.6 cm, hypoenha" -> "Pancreatic tumor: multicystic, ill-defined mass measuring 4.7 x 5.6 cm, hypoenha"
      [G4-FAITH] findings: "Pancreatic tumor: multicystic, ill-defined mass measuring 4." -> "Pancreatic tumor: multicystic, ill-defined mass measuring 4."
    Current_Medications: 4.1s [meds-filtered]
      [EXTRACT] raw={
"current_meds": "5-FU/LV plus nanoliposomal irinotecan (nal-IRI, or Onivyde)"
}
      [G1-FORMAT] ok, keys=['current_meds']
      [G2-SCHEMA] ok
      [G3-IMPROVE] no changes
      [G4-FAITH] no changes (all supported)
      [POST-MEDS] 5-FU/LV plus nanoliposomal irinotecan (nal-IRI, or Onivyde) -> 5-FU/LV plus nanoliposomal irinotecan (nal-IRI
    Treatment_Changes: 14.2s [supp-filtered]
      [EXTRACT] raw={
"recent_changes": "Resumed chemotherapy (cycle #5 of nal-IRI/5-FU/LV) on 03/29/2019.",
"supportive_meds": "HYDROcodone-acetaminophen (NORCO) 5-325 mg tablet 1-2 tabs q6 hours prn pain, loperamide (I
      [G1-FORMAT] ok, keys=['recent_changes', 'supportive_meds']
      [G2-SCHEMA] ok
      [G3-IMPROVE] no changes
      [G4-FAITH] no changes (all supported)
      [POST-SUPP] HYDROcodone-acetaminophen (NORCO) 5-325 mg tablet 1-2 tabs q6 hours prn pain, loperamide (IMODIUM) 2 mg capsule, LORazepam (ATIVAN) 1 mg tablet Take 1 tablet (1 mg total) by mouth every 12 (twelve) hours as needed for Anxiety (nausea), prochlorperazine (COMPAZINE) 10 mg tablet Take 1 tablet (10 mg total) by mouth every 6 (six) hours as needed (nausea and vomiting) -> HYDROcodone-acetaminophen (NORCO) 5-325 mg tablet 1-2 tabs q6 hours prn pain, loperamide (IMODIUM) 2 mg capsule, prochlorperazine (COMPAZINE) 10 mg tablet Take 1 tablet (10 mg total) by mouth every 6 (six) hours as needed (nausea and vomiting)
  Phase 1 extraction (6 prompts): 77.2s
  Cross-context injected (1769 chars)
    Treatment_Goals: 6.9s [improved]
      [EXTRACT] raw={
"goals_of_treatment": "palliative",
"goals_description": "Not explicitly stated."
}
      [G1-FORMAT] ok, keys=['goals_of_treatment', 'goals_description']
      [G2-SCHEMA] ok
      [G3-IMPROVE] goals_description: "Not explicitly stated." -> "From a standpoint of further salvage therapy, his options would primarily consis"
      [G4-FAITH] no changes (all supported)
    Response_Assessment: 7.9s [improved]
      [EXTRACT] raw={
"response_assessment": "Overall stable disease, with slightly improving hepatic metastases and simultaneously stable to minimally enlarging peritoneal metastases. Cancer Antigen 19-9 elevated to 142
      [G1-FORMAT] ok, keys=['response_assessment']
      [G2-SCHEMA] ok
      [G3-IMPROVE] response_assessment: "Overall stable disease, with slightly improving hepatic metastases and simultane" -> "Overall stable disease, with slightly improving hepatic metastases and simultane"
      [G4-FAITH] no changes (all supported)
  Phase 2 extraction (2 prompts): 14.8s
  Total extraction: 92.0s
    Medication_Plan: 8.7s
      [EXTRACT] raw={
    "medication_plan": "Continue with 1 additional cycle of the same chemotherapy (5-FU/LV plus nanoliposomal irinotecan (Onivyde)), scheduled for tomorrow if laboratory parameters are acceptable. C
      [G1-FORMAT] ok, keys=['medication_plan']
      [G2-SCHEMA] ok
      [G3-IMPROVE] no changes
      [G4-FAITH] no changes (all supported)
      [G5-TEMPORAL] no changes
    Therapy_plan: 8.6s
      [EXTRACT] raw={
    "therapy_plan": "Continue with 1 additional cycle of the same chemotherapy (5-FU/LV plus nanoliposomal irinotecan) scheduled for tomorrow if laboratory parameters are acceptable. Consider clinic
      [G1-FORMAT] ok, keys=['therapy_plan']
      [G2-SCHEMA] ok
      [G3-IMPROVE] no changes
      [G4-FAITH] no changes (all supported)
      [G5-TEMPORAL] no changes
    radiotherapy_plan: 4.9s
      [EXTRACT] raw={
    "radiotherapy_plan": "We could also consider RT to his pancreatic primary, which would be primarily for palliative/QoL purposes rather than necessarily extending his longevity."
}
      [G1-FORMAT] ok, keys=['radiotherapy_plan']
      [G2-SCHEMA] ok
      [G3-IMPROVE] no changes
      [G4-FAITH] no changes (all supported)
      [G5-TEMPORAL] no changes
    Procedure_Plan: 4.9s
      [EXTRACT] raw={
    "procedure_plan": "We could also consider RT to his pancreatic primary, which would be primarily for palliative/QoL purposes rather than necessarily extending his longevity."
}
      [G1-FORMAT] ok, keys=['procedure_plan']
      [G2-SCHEMA] ok
      [G3-IMPROVE] no changes
      [G4-FAITH] no changes (all supported)
      [G5-TEMPORAL] no changes
      [POST-PROC-FILTER] removed from procedure_plan: ['We could also consider RT to his pancreatic primary']
    Imaging_Plan: 3.7s
      [EXTRACT] raw={
    "imaging_plan": "Short-term f/u CT scans to assess for evidence of further disease progression"
}
      [G1-FORMAT] ok, keys=['imaging_plan']
      [G2-SCHEMA] ok
      [G3-IMPROVE] no changes
      [G4-FAITH] no changes (all supported)
      [G5-TEMPORAL] no changes
    Lab_Plan: 4.4s [faith-trimmed]
      [EXTRACT] raw={
    "lab_plan": "Continue with 1 additional cycle of the same chemotherapy (scheduled for tomorrow), with laboratory parameters to be assessed prior to administration."
}
      [G1-FORMAT] ok, keys=['lab_plan']
      [G2-SCHEMA] ok
      [G3-IMPROVE] no changes
      [G4-FAITH] lab_plan: "Continue with 1 additional cycle of the same chemotherapy (s" -> "Continue with 1 additional cycle of the same chemotherapy (s"
      [G5-TEMPORAL] no changes
    Genetic_Testing_Plan: 1.5s [faith-trimmed]
      [EXTRACT] raw={
    "genetic_testing_plan": "None planned."
}
      [G1-FORMAT] ok, keys=['genetic_testing_plan']
      [G2-SCHEMA] ok
      [G3-IMPROVE] skipped (all fields empty/negative)
      [G4-FAITH] genetic_testing_plan: "None planned." -> ""
      [G4-FAITH] EMPTIED: ['genetic_testing_plan']
      [G4-PROTECT] genetic_testing_plan: restored safe negative "None planned."
    follow_up_next_visit: 3.4s [faith-trimmed]
      [EXTRACT] raw={
    "Next clinic visit": "in-person: short-term f/u CT scans to assess for evidence of further disease progression"
}
      [G1-FORMAT] ok, keys=['Next clinic visit']
      [G2-SCHEMA] ok
      [G3-IMPROVE] no changes
      [G4-FAITH] Next clinic visit: "in-person: short-term f/u CT scans to assess for evidence of" -> "in-person: short-term f&u CT scans to assess for evidence of"
    Advance_care_planning: 1.4s [faith-trimmed]
      [EXTRACT] raw={
    "Advance care": "Not discussed during this visit."
}
      [G1-FORMAT] ok, keys=['Advance care']
      [G2-SCHEMA] ok
      [G3-IMPROVE] skipped (all fields empty/negative)
      [G4-FAITH] Advance care: "Not discussed during this visit." -> ""
      [G4-FAITH] EMPTIED: ['Advance care']
      [G4-PROTECT] Advance care: restored safe negative "Not discussed during this visit."
  Plan extraction prompts: 41.6s
    Referral: 5.6s [faith-trimmed]
      [EXTRACT] raw={
"Nutrition": "None",
"Genetics": "None",
"Specialty": "None",
"Others": "None",
"follow up": "short-term f/u CT scans to assess for evidence of further disease progression"
}
      [G1-FORMAT] ok, keys=['Nutrition', 'Genetics', 'Specialty', 'Others', 'follow up']
      [G2-SCHEMA] ok
      [G3-IMPROVE] no changes
      [G4-FAITH] Nutrition: "None" -> ""
      [G4-FAITH] Specialty: "None" -> ""
      [G4-FAITH] Others: "None" -> ""
      [G4-FAITH] Genetics: "None" -> "KRAS (G12D) and p53 mutations"
      [G4-FAITH] EMPTIED: ['Nutrition', 'Specialty', 'Others']
      [G4-PROTECT] Nutrition: restored safe negative "None"
      [G4-PROTECT] Specialty: restored safe negative "None"
      [G4-PROTECT] Others: restored safe negative "None"
  Referral extraction (full note): 5.6s
    Genetic_Testing_Results: 4.0s
      [EXTRACT] raw={
    "genetic_testing_results": "His tumor harbors KRAS (G12D) and p53 mutations."
}
      [G1-FORMAT] ok, keys=['genetic_testing_results']
      [G2-SCHEMA] ok
      [G3-IMPROVE] no changes
      [G4-FAITH] no changes (all supported)
  Genetic_Testing_Results (full note): 4.0s
    [POST-GENETICS] cleared completed test result: 'KRAS (G12D) and p53 mutations'
    [POST-ADV] patched from full note: ['Discussed transition to hospice / goals of care']
    [POST-METASTATIC-UPGRADE] confirmed current M1 evidence → Stage IV + distant met Yes (stage was 'Metastatic (Stage IV)')
    [POST-RESPONSE-COMPRESS] 314→270 chars (dropped plan/verbose)
    [POST-RESPONSE-AP-DECLINE] prepended physician decline trajectory over 'Overall stable disease, with slightly im'
    [POST-FINDINGS-PURITY] dropped 1 plan/lab-dump sentence(s) from findings
  [ATTRIBUTION] 24/26 fields sourced (17.3s)
  Row 2 total: 160.5s
  Row 2 saved to progress

Processing row 3 (4/20)...
  Trying regex extraction...
  Regex matched: 'ASSESSMENT:'
  Regex extraction succeeded (1146 chars)
  A/P extraction: 0.0s
    Reason_for_Visit: 7.5s [faith-trimmed]
      [EXTRACT] raw={
"Patient type": "Follow up",
"second opinion": "no",
"in-person": "Televisit",
"summary": "Metastatic adenocarcinoma of the pancreas with continued good disease control on surveillance. The purpose 
      [G1-FORMAT] ok, keys=['Patient type', 'second opinion', 'in-person', 'summary']
      [G2-SCHEMA] ok
      [G3-IMPROVE] no changes
      [G4-FAITH] second opinion: "no" -> ""
      [G4-FAITH] EMPTIED: ['second opinion']
      [G4-REVERT-INFER] second opinion: restored classification/inference "no"
    Cancer_Diagnosis: 7.0s
      [EXTRACT] raw={
"Type_of_Cancer": "Adenocarcinoma of the pancreas",
"Stage_of_Cancer": "Locally advanced; now metastatic (Stage IV)",
"Distant Metastasis": "Yes, to liver",
"Metastasis": "Yes — confirmed regional n
      [G1-FORMAT] ok, keys=['Type_of_Cancer', 'Stage_of_Cancer', 'Distant Metastasis', 'Metastasis']
      [G2-SCHEMA] ok
      [G3-IMPROVE] no changes
      [G4-FAITH] no changes (all supported)
    Lab_Results: 1.5s [faith-trimmed]
      [EXTRACT] raw={
"lab_summary": "No labs in note."
}
      [G1-FORMAT] ok, keys=['lab_summary']
      [G2-SCHEMA] ok
      [G3-IMPROVE] skipped (all fields empty/negative)
      [G4-FAITH] lab_summary: "No labs in note." -> ""
      [G4-FAITH] EMPTIED: ['lab_summary']
      [G4-PROTECT] lab_summary: restored safe negative "No labs in note."
    Clinical_Findings: 22.6s
      [EXTRACT] raw={
"findings": "CT Abdomen/Pelvis with Contrast (06/18/2021): Similar ill-defined pancreatic head mass measuring 4.2 x 3.6 cm with unchanged cystic component and ductal dilatation of the main pancreati
      [G1-FORMAT] ok, keys=['findings']
      [G2-SCHEMA] ok
      [G3-IMPROVE] no changes
      [G4-FAITH] no changes (all supported)
    Current_Medications: 4.5s [faith-trimmed, meds-filtered]
      [EXTRACT] raw={
"current_meds": ""
}
      [G1-FORMAT] ok, keys=['current_meds']
      [G2-SCHEMA] ok
      [G3-IMPROVE] skipped (all fields empty/negative)
      [G4-FAITH] current_meds: "" -> "buPROPion (WELLBUTRIN SR) 100 mg 12 hr tablet, estradiol twi"
      [POST-MEDS] buPROPion (WELLBUTRIN SR) 100 mg 12 hr tablet, estradiol twice weekly patch 0.05 mg/24 hr, LORazepam (ATIVAN) 1 mg tablet, ondansetron (ZOFRAN) 8 mg tablet, pantoprazole (PROTONIX) 40 mg EC tablet, PRISTIQ 100 mg 24 hr tablet, progesterone (PROMETRIUM) 100 mg capsule -> 
    Treatment_Changes: 4.7s [supp-filtered]
      [EXTRACT] raw={
"recent_changes": "",
"supportive_meds": "ondansetron (ZOFRAN) 8 mg tablet, pantoprazole (PROTONIX) 40 mg EC tablet"
}
      [G1-FORMAT] ok, keys=['recent_changes', 'supportive_meds']
      [G2-SCHEMA] ok
      [G3-IMPROVE] no changes
      [G4-FAITH] no changes (all supported)
      [POST-SUPP] ondansetron (ZOFRAN) 8 mg tablet, pantoprazole (PROTONIX) 40 mg EC tablet -> ondansetron (ZOFRAN) 8 mg tablet
  Phase 1 extraction (6 prompts): 47.8s
  Cross-context injected (1547 chars)
    Treatment_Goals: 3.4s [faith-trimmed]
      [EXTRACT] raw={
"goals_of_treatment": "surveillance",
"goals_description": "Not explicitly stated."
}
      [G1-FORMAT] ok, keys=['goals_of_treatment', 'goals_description']
      [G2-SCHEMA] ok
      [G3-IMPROVE] no changes
      [G4-FAITH] goals_description: "Not explicitly stated." -> ""
      [G4-FAITH] EMPTIED: ['goals_description']
    Response_Assessment: 15.2s
      [EXTRACT] raw={
"response_assessment": "The cancer is currently showing stable disease. Evidence includes: CT Abdomen/Pelvis with Contrast (06/18/2021) showing no significant change in size of the ill-defined pancr
      [G1-FORMAT] ok, keys=['response_assessment']
      [G2-SCHEMA] ok
      [G3-IMPROVE] no changes
      [G4-FAITH] no changes (all supported)
  Phase 2 extraction (2 prompts): 18.7s
  Total extraction: 66.5s
    Medication_Plan: 1.8s [faith-trimmed]
      [EXTRACT] raw={
    "medication_plan": "None"
}
      [G1-FORMAT] ok, keys=['medication_plan']
      [G2-SCHEMA] ok
      [G3-IMPROVE] skipped (all fields empty/negative)
      [G4-FAITH] medication_plan: "None" -> ""
      [G4-FAITH] EMPTIED: ['medication_plan']
      [G4-PROTECT] medication_plan: restored safe negative "None"
      [G5-TEMPORAL] skipped (all fields empty/negative)
    Therapy_plan: 4.6s
      [EXTRACT] raw={
    "therapy_plan": "She'll continue on surveillance. Discussed future investigational therapies but no specific treatments were planned or started."
}
      [G1-FORMAT] ok, keys=['therapy_plan']
      [G2-SCHEMA] ok
      [G3-IMPROVE] no changes
      [G4-FAITH] no changes (all supported)
      [G5-TEMPORAL] no changes
    radiotherapy_plan: 1.4s [faith-trimmed]
      [EXTRACT] raw={
    "radiotherapy_plan": "None"
}
      [G1-FORMAT] ok, keys=['radiotherapy_plan']
      [G2-SCHEMA] ok
      [G3-IMPROVE] skipped (all fields empty/negative)
      [G4-FAITH] radiotherapy_plan: "None" -> ""
      [G4-FAITH] EMPTIED: ['radiotherapy_plan']
      [G4-PROTECT] radiotherapy_plan: restored safe negative "None"
      [G5-TEMPORAL] skipped (all fields empty/negative)
    Procedure_Plan: 1.5s [faith-trimmed]
      [EXTRACT] raw={
    "procedure_plan": "No procedures planned."
}
      [G1-FORMAT] ok, keys=['procedure_plan']
      [G2-SCHEMA] ok
      [G3-IMPROVE] skipped (all fields empty/negative)
      [G4-FAITH] procedure_plan: "No procedures planned." -> ""
      [G4-FAITH] EMPTIED: ['procedure_plan']
      [G4-PROTECT] procedure_plan: restored safe negative "No procedures planned."
      [G5-TEMPORAL] skipped (all fields empty/negative)
    Imaging_Plan: 3.7s
      [EXTRACT] raw={
    "imaging_plan": "Follow-up CT scan in 2 months."
}
      [G1-FORMAT] ok, keys=['imaging_plan']
      [G2-SCHEMA] ok
      [G3-IMPROVE] no changes
      [G4-FAITH] no changes (all supported)
      [G5-TEMPORAL] no changes
    Lab_Plan: 1.4s [faith-trimmed]
      [EXTRACT] raw={
    "lab_plan": "No labs planned."
}
      [G1-FORMAT] ok, keys=['lab_plan']
      [G2-SCHEMA] ok
      [G3-IMPROVE] skipped (all fields empty/negative)
      [G4-FAITH] lab_plan: "No labs planned." -> ""
      [G4-FAITH] EMPTIED: ['lab_plan']
      [G4-PROTECT] lab_plan: restored safe negative "No labs planned."
      [G5-TEMPORAL] skipped (all fields empty/negative)
    Genetic_Testing_Plan: 1.6s [faith-trimmed]
      [EXTRACT] raw={
    "genetic_testing_plan": "None planned."
}
      [G1-FORMAT] ok, keys=['genetic_testing_plan']
      [G2-SCHEMA] ok
      [G3-IMPROVE] skipped (all fields empty/negative)
      [G4-FAITH] genetic_testing_plan: "None planned." -> ""
      [G4-FAITH] EMPTIED: ['genetic_testing_plan']
      [G4-PROTECT] genetic_testing_plan: restored safe negative "None planned."
    follow_up_next_visit: 2.8s [improved]
      [EXTRACT] raw={
    "Next clinic visit": "telehealth: in 2 months with a follow-up CT scan"
}
      [G1-FORMAT] ok, keys=['Next clinic visit']
      [G2-SCHEMA] ok
      [G3-IMPROVE] Next clinic visit: "telehealth: in 2 months with a follow-up CT scan" -> "in 2 months with a follow-up CT scan"
      [G4-FAITH] no changes (all supported)
    Advance_care_planning: 1.4s [faith-trimmed]
      [EXTRACT] raw={
    "Advance care": "Not discussed during this visit."
}
      [G1-FORMAT] ok, keys=['Advance care']
      [G2-SCHEMA] ok
      [G3-IMPROVE] skipped (all fields empty/negative)
      [G4-FAITH] Advance care: "Not discussed during this visit." -> ""
      [G4-FAITH] EMPTIED: ['Advance care']
      [G4-PROTECT] Advance care: restored safe negative "Not discussed during this visit."
  Plan extraction prompts: 20.2s
    Referral: 5.7s [faith-trimmed]
      [EXTRACT] raw={
"Nutrition": "None",
"Genetics": "None",
"Specialty": "None",
"Others": "None",
"follow up": "She'll continue on surveillance and we will see her back in 2 months with a follow-up CT scan."
}
      [G1-FORMAT] ok, keys=['Nutrition', 'Genetics', 'Specialty', 'Others', 'follow up']
      [G2-SCHEMA] ok
      [G3-IMPROVE] no changes
      [G4-FAITH] Nutrition: "None" -> ""
      [G4-FAITH] Specialty: "None" -> ""
      [G4-FAITH] Others: "None" -> ""
      [G4-FAITH] Genetics: "None" -> ""
      [G4-FAITH] EMPTIED: ['Nutrition', 'Specialty', 'Others', 'Genetics']
      [G4-PROTECT] Nutrition: restored safe negative "None"
      [G4-PROTECT] Specialty: restored safe negative "None"
      [G4-PROTECT] Others: restored safe negative "None"
      [G4-PROTECT] Genetics: restored safe negative "None"
  Referral extraction (full note): 5.7s
    Genetic_Testing_Results: 2.9s [improved, faith-trimmed]
      [EXTRACT] raw={
    "genetic_testing_results": "Patient does not express CA-19-9."
}
      [G1-FORMAT] ok, keys=['genetic_testing_results']
      [G2-SCHEMA] ok
      [G3-IMPROVE] genetic_testing_results: "Patient does not express CA-19-9." -> "No genetic testing results in note."
      [G4-FAITH] genetic_testing_results: "No genetic testing results in note." -> ""
      [G4-FAITH] EMPTIED: ['genetic_testing_results']
      [G4-REVERT] genetic_testing_results: reverted (G4 emptied all fields)
  Genetic_Testing_Results (full note): 2.9s
    [POST-THERAPY] cleared (no oncology drugs found): She'll continue on surveillance. Discussed future investigational therapies but 
    [POST-PLAN-TEMPORAL] imaging clause cleanup: 'Follow-up CT scan in 2 months.' → 'Follow-up CT scan in 2 months'
    [POST-NONSECRETOR] recorded CA 19-9 non-secretor status
    [POST-RESPONSE-COMPRESS] 708→47 chars (dropped plan/verbose)
  [ATTRIBUTION] 13/16 fields sourced (9.3s)
  Row 3 total: 104.5s
  Row 3 saved to progress

Processing row 4 (5/20)...
  Injected 1 term definitions: ['stable disease']
  Trying regex extraction...
  Regex matched: 'ASSESSMENT AND PLAN:'
  Regex extraction succeeded (3180 chars)
  A/P extraction: 0.0s
    Reason_for_Visit: 10.9s [faith-trimmed]
      [EXTRACT] raw={
"Patient type": "follow up",
"second opinion": "no",
"in-person": "Televisit",
"summary": "Mr. [REDACTED] is a 53 y.o. male who returns to our GI Oncology practice at the UCSF Comprehensive Cancer C
      [G1-FORMAT] ok, keys=['Patient type', 'second opinion', 'in-person', 'summary']
      [G2-SCHEMA] ok
      [G3-IMPROVE] no changes
      [G4-FAITH] second opinion: "no" -> ""
      [G4-FAITH] EMPTIED: ['second opinion']
      [G4-REVERT-INFER] second opinion: restored classification/inference "no"
    Cancer_Diagnosis: 7.0s [improved]
      [EXTRACT] raw={
"Type_of_Cancer": "Adenocarcinoma of the pancreas with biopsy-proven oligo metastatic disease in the abdominal wall",
"Stage_of_Cancer": "Stage IV (metastatic)",
"Distant Metastasis": "Yes, to abdom
      [G1-FORMAT] ok, keys=['Type_of_Cancer', 'Stage_of_Cancer', 'Distant Metastasis', 'Metastasis']
      [G2-SCHEMA] ok
      [G3-IMPROVE] Metastasis: "Yes — confirmed regional nodes; distant disease confirmed — abdominal wall" -> "Yes — distant disease confirmed — abdominal wall"
      [G3-IMPROVE] Type_of_Cancer: "Adenocarcinoma of the pancreas with biopsy-proven oligo metastatic disease in th" -> "Adenocarcinoma of the pancreas"
      [G4-FAITH] no changes (all supported)
    Lab_Results: 12.1s
      [EXTRACT] raw={
"lab_summary": "WBC Count 6.4, Neutrophil Absolute Count 4.18, Hemoglobin 11.4 (L), Hematocrit 35.4 (L), Platelet Count 126 (L), Creatinine 0.74, Bilirubin, Total 0.4, Alkaline Phosphatase 160 (H), 
      [G1-FORMAT] ok, keys=['lab_summary']
      [G2-SCHEMA] ok
      [G3-IMPROVE] no changes
      [G4-FAITH] no changes (all supported)
    Clinical_Findings: 23.3s [improved]
      [EXTRACT] raw={
"findings": "Mr. [REDACTED] has completed 12 cycles of FOLFIRINOX from February 2019 to August 2019 and is currently on a chemotherapy break. Restaging CT is planned for 11/19/19. Recent imaging fin
      [G1-FORMAT] ok, keys=['findings']
      [G2-SCHEMA] ok
      [G3-IMPROVE] findings: "Mr. [REDACTED] has completed 12 cycles of FOLFIRINOX from February 2019 to Augus" -> "Mr. [REDACTED] has completed 12 cycles of FOLFIRINOX from February 2019 to Augus"
      [G4-FAITH] no changes (all supported)
    Current_Medications: 10.4s [faith-trimmed, meds-filtered]
      [EXTRACT] raw={
"current_meds": ""
}
      [G1-FORMAT] ok, keys=['current_meds']
      [G2-SCHEMA] ok
      [G3-IMPROVE] skipped (all fields empty/negative)
      [G4-FAITH] current_meds: "" -> "butenafine (LOTRIMIN ULTRA) 1 % cream, cholecalciferol, vita"
      [POST-MEDS] butenafine (LOTRIMIN ULTRA) 1 % cream, cholecalciferol, vitamin D3, 1000 UNITS TAB tablet, clotrimazole (MYCELEX) 10 mg troche, fluconazole (DIFLUCAN) 100 mg tablet, hyoscyamine (LEVSIN/SL) 0.125 MG SL tablet, KERYDIN 5 % SolA, L.acidoph/B.long/L.plant/B.lac (PROBIOTIC ACIDOPHILUS BEADS ORAL), lidocaine-prilocaine (EMLA) 2.5-2.5 % cream, lipase-protease-amylase (CREON) 24,000-76,000 -120,000 unit capsule, loperamide (IMODIUM) 2 mg capsule, medical cannabis, ondansetron (ZOFRAN) 8 mg tablet, oxyCODONE (OXYCONTIN) 10 mg 12 hr ER tablet, oxyCODONE (ROXICODONE) 10 mg tablet, prochlorperazine (COMPAZINE) 10 mg tablet, rivaroxaban (XARELTO) 20 mg tablet, terbinafine HCl (LAMISIL) 1 % cream, TURMERIC ORAL, UNABLE TO FIND Take 1 tablet by mouth Host Defense brand 'Stamets 7', UNABLE TO FIND Take by mouth Host Defense brand Turkey Tail extract -> lipase-protease-amylase (CREON) 24
    Treatment_Changes: 7.0s [improved, supp-filtered]
      [EXTRACT] raw={
"recent_changes": "Treatment held (Cycle 10) d/t thrombocytopenia (PLT 95)",
"supportive_meds": "ondansetron (ZOFRAN), Creon, rivaroxaban (XARELTO)"
}
      [G1-FORMAT] ok, keys=['recent_changes', 'supportive_meds']
      [G2-SCHEMA] ok
      [G3-IMPROVE] supportive_meds: "ondansetron (ZOFRAN), Creon, rivaroxaban (XARELTO)" -> "ondansetron (ZOFRAN), Creon, rivaroxaban (XARELTO), fluconazole (DIFLUCAN), clot"
      [G4-FAITH] no changes (all supported)
      [POST-SUPP] ondansetron (ZOFRAN), Creon, rivaroxaban (XARELTO), fluconazole (DIFLUCAN), clotrimazole (MYCELEX) -> ondansetron (ZOFRAN)
  Phase 1 extraction (6 prompts): 70.8s
  Cross-context injected (1327 chars)
    Treatment_Goals: 3.4s [faith-trimmed]
      [EXTRACT] raw={
"goals_of_treatment": "palliative",
"goals_description": "Not explicitly stated."
}
      [G1-FORMAT] ok, keys=['goals_of_treatment', 'goals_description']
      [G2-SCHEMA] ok
      [G3-IMPROVE] no changes
      [G4-FAITH] goals_of_treatment: "palliative" -> ""
      [G4-FAITH] goals_description: "Not explicitly stated." -> ""
      [G4-FAITH] EMPTIED: ['goals_of_treatment', 'goals_description']
      [G4-REVERT] goals_of_treatment: reverted (G4 emptied all fields)
      [G4-REVERT] goals_description: reverted (G4 emptied all fields)
    Response_Assessment: 16.5s
      [EXTRACT] raw={
"response_assessment": "The cancer is currently showing stable disease in the pancreas and abdominal wall lesion as of 09/10/19, based on recent imaging findings. Additionally, the Cancer Antigen 19
      [G1-FORMAT] ok, keys=['response_assessment']
      [G2-SCHEMA] ok
      [G3-IMPROVE] no changes
      [G4-FAITH] no changes (all supported)
  Phase 2 extraction (2 prompts): 20.0s
  Total extraction: 90.8s
    Medication_Plan: 11.5s [improved, temporal-cleaned]
      [EXTRACT] raw={
    "medication_plan": "Continue xarelto QD, Continue Creon to 2 or 3 tab/meal and 1 tab/snack, Cont Oxycontin 10mg PO bid, Oxycodone 5 to 10mg PO q4h prn BTP (can cut 10mg tabs in half), Continue f
      [G1-FORMAT] ok, keys=['medication_plan']
      [G2-SCHEMA] ok
      [G3-IMPROVE] medication_plan: "Continue xarelto QD, Continue Creon to 2 or 3 tab/meal and 1 tab/snack, Cont Oxy" -> "Continue xarelto QD, Continue Creon to 2 or 3 tab/meal and 1 tab/snack, Cont Oxy"
      [G4-FAITH] no changes (all supported)
      [G5-TEMPORAL] medication_plan: "Continue xarelto QD, Continue Creon to 2 or 3 tab/meal and 1 tab/snack, Cont Oxy" -> "Continue xarelto QD, Continue Creon to 2 or 3 tab/meal and 1 tab/snack, Cont Oxy"
    Therapy_plan: 11.5s [improved, temporal-cleaned]
      [EXTRACT] raw={
    "therapy_plan": "Patient has completed 12 cycles of FOLFIRINOX from February 2019 - August 2019, and is currently on chemotherapy break. There is no mention of starting a new therapy or continui
      [G1-FORMAT] ok, keys=['therapy_plan']
      [G2-SCHEMA] ok
      [G3-IMPROVE] therapy_plan: "Patient has completed 12 cycles of FOLFIRINOX from February 2019 - August 2019, " -> "Patient has completed 12 cycles of FOLFIRINOX from February 2019 - August 2019, "
      [G4-FAITH] no changes (all supported)
      [G5-TEMPORAL] therapy_plan: "Patient has completed 12 cycles of FOLFIRINOX from February 2019 - August 2019, " -> "Restaging CT is planned for 11/19/19. The patient continues Creon and opioid pai"
    radiotherapy_plan: 5.3s
      [EXTRACT] raw={
    "radiotherapy_plan": "Discussed the role of palliative radiation therapy to his pancreas mass and why Dr. [REDACTED] has not recommended radiation at this time."
}
      [G1-FORMAT] ok, keys=['radiotherapy_plan']
      [G2-SCHEMA] ok
      [G3-IMPROVE] no changes
      [G4-FAITH] no changes (all supported)
      [G5-TEMPORAL] no changes
    Procedure_Plan: 3.6s
      [EXTRACT] raw={
    "procedure_plan": "restaging CT planned for 11/19/19"
}
      [G1-FORMAT] ok, keys=['procedure_plan']
      [G2-SCHEMA] ok
      [G3-IMPROVE] no changes
      [G4-FAITH] no changes (all supported)
      [G5-TEMPORAL] no changes
      [POST-PROC-FILTER] removed from procedure_plan: ['restaging CT planned for 11/19/19']
    Imaging_Plan: 3.8s
      [EXTRACT] raw={
    "imaging_plan": "Restaging CT planned for 11/19/19."
}
      [G1-FORMAT] ok, keys=['imaging_plan']
      [G2-SCHEMA] ok
      [G3-IMPROVE] no changes
      [G4-FAITH] no changes (all supported)
      [G5-TEMPORAL] no changes
    Lab_Plan: 4.0s
      [EXTRACT] raw={
    "lab_plan": "Will have patient complete labs to rule out diabetes: blood glucose and Hemoglobin A1C"
}
      [G1-FORMAT] ok, keys=['lab_plan']
      [G2-SCHEMA] ok
      [G3-IMPROVE] no changes
      [G4-FAITH] no changes (all supported)
      [G5-TEMPORAL] no changes
    Genetic_Testing_Plan: 2.5s [improved, faith-trimmed]
      [EXTRACT] raw={
    "genetic_testing_plan": "Foundation Medicine liquid biopsy results are mentioned but no future genetic or molecular testing is planned."
}
      [G1-FORMAT] ok, keys=['genetic_testing_plan']
      [G2-SCHEMA] ok
      [G3-IMPROVE] genetic_testing_plan: "Foundation Medicine liquid biopsy results are mentioned but no future genetic or" -> "None planned."
      [G4-FAITH] genetic_testing_plan: "None planned." -> ""
      [G4-FAITH] EMPTIED: ['genetic_testing_plan']
      [G4-PROTECT] genetic_testing_plan: restored safe negative "None planned."
    follow_up_next_visit: 3.7s
      [EXTRACT] raw={
    "Next clinic visit": "in-person: 11/21/19 to see Dr. [REDACTED] or sooner if indicated"
}
      [G1-FORMAT] ok, keys=['Next clinic visit']
      [G2-SCHEMA] ok
      [G3-IMPROVE] no changes
      [G4-FAITH] no changes (all supported)
    Advance_care_planning: 7.4s [faith-trimmed]
      [EXTRACT] raw={
    "Advance care": "Discussed with: [REDACTED] [REDACTED], NP. Surrogate decision maker: Identified and documented: [REDACTED] [REDACTED] (1st); [REDACTED] [REDACTED] (2nd). Life sustaining treatme
      [G1-FORMAT] ok, keys=['Advance care']
      [G2-SCHEMA] ok
      [G3-IMPROVE] no changes
      [G4-FAITH] Advance care: "Discussed with: [REDACTED] [REDACTED], NP. Surrogate decisio" -> "Discussed with: [REDACTED] [REDACTED], NP. Surrogate decisio"
  Plan extraction prompts: 53.3s
    Referral: 9.1s [faith-trimmed]
      [EXTRACT] raw={
"Nutrition": "Followed by Cancer Center Nutritionist [REDACTED] [REDACTED], [REDACTED]",
"Genetics": "None",
"Specialty": "Reviewed by Pancreas Tumor Board; Followed by SMS, Dr. [REDACTED] [REDACTED
      [G1-FORMAT] ok, keys=['Nutrition', 'Genetics', 'Specialty', 'Others', 'follow up']
      [G2-SCHEMA] ok
      [G3-IMPROVE] no changes
      [G4-FAITH] Others: "None" -> ""
      [G4-FAITH] Genetics: "None" -> ""
      [G4-FAITH] EMPTIED: ['Others', 'Genetics']
      [G4-PROTECT] Others: restored safe negative "None"
      [G4-PROTECT] Genetics: restored safe negative "None"
  Referral extraction (full note): 9.1s
    Genetic_Testing_Results: 3.3s
      [EXTRACT] raw={
    "genetic_testing_results": "MSI Status Undetermined, RB1 P26fs*47"
}
      [G1-FORMAT] ok, keys=['genetic_testing_results']
      [G2-SCHEMA] ok
      [G3-IMPROVE] no changes
      [G4-FAITH] no changes (all supported)
  Genetic_Testing_Results (full note): 3.3s
    [POST-THERAPY] removed non-therapy: ['Restaging CT is planned for 11/19/19.', 'Xarelto is continued for occlusive thrombi.', 'Fluconazole is recommended for thrush.', 'Labs to rule out diabetes are ordered.', 'The patient is followed by a nutritionist for weig', 'Advance care planning is addressed, and preference']
    [POST-PLAN-TEMPORAL] imaging clause cleanup: 'Restaging CT planned for 11/19/19.' → 'Restaging CT planned for 11/19/19'
    [POST-METASTATIC-UPGRADE] confirmed current M1 evidence → Stage IV + distant met Yes (stage was 'Stage IV (metastatic)')
    [POST-RESPONSE-COMPRESS] 450→138 chars (dropped plan/verbose)
    [POST-SUPP-SUPPLEMENT] recovered supportive meds: ['Creon (pancreatic enzyme)', 'Xarelto']
    [POST-MEDS-ENZYME-STRIP] removed pancreatic enzyme from current_meds (→ supportive)
    [POST-MEDS-IV-CHECK] Added from A/P: folfirinox
    [POST-MEDS-COMPLETED-CHEMO] 'folfirinox' completed/on-break → cleared current_meds
  [ATTRIBUTION] 24/26 fields sourced (22.4s)
  Row 4 total: 179.0s
  Row 4 saved to progress

Processing row 5 (6/20)...
  Injected 1 term definitions: ['adjuvant chemotherapy']
  Trying regex extraction...
  Regex matched: 'Assessment:'
  Regex extraction succeeded (539 chars)
  A/P extraction: 0.0s
    Reason_for_Visit: 8.5s [faith-trimmed]
      [EXTRACT] raw={
"Patient type": "Follow up",
"second opinion": "no",
"in-person": "in-person",
"summary": "The patient has locally advanced adenocarcinoma of the pancreas, s/p neoadjuvant chemotherapy followed by r
      [G1-FORMAT] ok, keys=['Patient type', 'second opinion', 'in-person', 'summary']
      [G2-SCHEMA] ok
      [G3-IMPROVE] no changes
      [G4-FAITH] second opinion: "no" -> ""
      [G4-FAITH] EMPTIED: ['second opinion']
      [G4-REVERT-INFER] second opinion: restored classification/inference "no"
    Cancer_Diagnosis: 7.1s [faith-trimmed]
      [EXTRACT] raw={
"Type_of_Cancer": "Adenocarcinoma of the pancreas",
"Stage_of_Cancer": "Originally Stage IIB, now metastatic (Stage IV)",
"Distant Metastasis": "Yes, to liver",
"Metastasis": "Yes — confirmed region
      [G1-FORMAT] ok, keys=['Type_of_Cancer', 'Stage_of_Cancer', 'Distant Metastasis', 'Metastasis']
      [G2-SCHEMA] ok
      [G3-IMPROVE] no changes
      [G4-FAITH] Distant Metastasis: "Yes, to liver" -> "Yes"
      [G4-FAITH] Stage_of_Cancer: "Originally Stage IIB, now metastatic (Stage IV)" -> ""
      [G4-FAITH] EMPTIED: ['Stage_of_Cancer']
      [G4-REVERT-INFER] Stage_of_Cancer: restored classification/inference "Originally Stage IIB, now metastatic (Stage IV)"
    Lab_Results: 16.3s [improved, faith-trimmed]
      [EXTRACT] raw={
"lab_summary": "WBC Count 5.7, RBC Count 3.57, Hemoglobin 9.5, Hematocrit 30.5, MCV 85, MCH 26.6, MCHC 31.1, Platelet Count 171, Neutrophil Absolute Count 3.19, Lymphocyte Abs Cnt 1.60, Monocyte Abs
      [G1-FORMAT] ok, keys=['lab_summary']
      [G2-SCHEMA] ok
      [G3-IMPROVE] lab_summary: "WBC Count 5.7, RBC Count 3.57, Hemoglobin 9.5, Hematocrit 30.5, MCV 85, MCH 26.6" -> "WBC Count 5.7, RBC Count 3.57, Hemoglobin 9.5, Hematocrit 30.5, MCV 85, MCH 26.6"
      [G4-FAITH] lab_summary: "WBC Count 5.7, RBC Count 3.57, Hemoglobin 9.5, Hematocrit 30" -> "{'WBC Count': '5.7', 'RBC Count': '3.57', 'Hemoglobin': '9.5"
    Clinical_Findings: 19.0s [improved]
      [EXTRACT] raw={
"findings": "Postoperative pathology after pylorus-preserving pancreatectomy with open cholecystectomy and vascular resection revealed a 1.7 cm residual tumor mass with 51-90% of tumor cells destroy
      [G1-FORMAT] ok, keys=['findings']
      [G2-SCHEMA] ok
      [G3-IMPROVE] findings: "Postoperative pathology after pylorus-preserving pancreatectomy with open cholec" -> "Postoperative pathology after pylorus-preserving pancreatectomy with open cholec"
      [G4-FAITH] no changes (all supported)
    Current_Medications: 1.6s
      [EXTRACT] raw={
"current_meds": ""
}
      [G1-FORMAT] ok, keys=['current_meds']
      [G2-SCHEMA] ok
      [G3-IMPROVE] skipped (all fields empty/negative)
      [G4-FAITH] no changes (all supported)
    Treatment_Changes: 1.6s
      [EXTRACT] raw={
"recent_changes": "",
"supportive_meds": ""
}
      [G1-FORMAT] ok, keys=['recent_changes', 'supportive_meds']
      [G2-SCHEMA] ok
      [G3-IMPROVE] skipped (all fields empty/negative)
      [G4-FAITH] no changes (all supported)
  Phase 1 extraction (6 prompts): 54.1s
  Cross-context injected (1457 chars)
    Treatment_Goals: 3.2s [faith-trimmed]
      [EXTRACT] raw={
"goals_of_treatment": "palliative",
"goals_description": "Not explicitly stated."
}
      [G1-FORMAT] ok, keys=['goals_of_treatment', 'goals_description']
      [G2-SCHEMA] ok
      [G3-PROTECT-CLASS] goals_of_treatment: blocked modification of classification field
      [G3-IMPROVE] no changes
      [G4-FAITH] goals_of_treatment: "palliative" -> ""
      [G4-FAITH] goals_description: "Not explicitly stated." -> ""
      [G4-FAITH] EMPTIED: ['goals_of_treatment', 'goals_description']
      [G4-REVERT] goals_of_treatment: reverted (G4 emptied all fields)
      [G4-REVERT] goals_description: reverted (G4 emptied all fields)
    Response_Assessment: 10.7s
      [EXTRACT] raw={
"response_assessment": "The cancer is showing early signs of recurrence. Imaging studies reveal an interval increase in size of a 14 mm hypodense lesion in segment March 14 (previously 9 mm) and a n
      [G1-FORMAT] ok, keys=['response_assessment']
      [G2-SCHEMA] ok
      [G3-IMPROVE] no changes
      [G4-FAITH] no changes (all supported)
  Phase 2 extraction (2 prompts): 13.9s
  Total extraction: 68.0s
    Medication_Plan: 1.6s [faith-trimmed]
      [EXTRACT] raw={
    "medication_plan": "None"
}
      [G1-FORMAT] ok, keys=['medication_plan']
      [G2-SCHEMA] ok
      [G3-IMPROVE] skipped (all fields empty/negative)
      [G4-FAITH] medication_plan: "None" -> ""
      [G4-FAITH] EMPTIED: ['medication_plan']
      [G4-PROTECT] medication_plan: restored safe negative "None"
      [G5-TEMPORAL] skipped (all fields empty/negative)
    Therapy_plan: 4.1s [improved]
      [EXTRACT] raw={
    "therapy_plan": "We will seek a confirmatory biopsy if indicated. No specific current or future therapy plan mentioned."
}
      [G1-FORMAT] ok, keys=['therapy_plan']
      [G2-SCHEMA] ok
      [G3-IMPROVE] therapy_plan: "We will seek a confirmatory biopsy if indicated. No specific current or future t" -> "We will repeat her scans in 2 months. If indicated, we will seek a confirmatory "
      [G4-FAITH] no changes (all supported)
      [G5-TEMPORAL] no changes
    radiotherapy_plan: 1.3s [faith-trimmed]
      [EXTRACT] raw={
    "radiotherapy_plan": "None"
}
      [G1-FORMAT] ok, keys=['radiotherapy_plan']
      [G2-SCHEMA] ok
      [G3-IMPROVE] skipped (all fields empty/negative)
      [G4-FAITH] radiotherapy_plan: "None" -> ""
      [G4-FAITH] EMPTIED: ['radiotherapy_plan']
      [G4-PROTECT] radiotherapy_plan: restored safe negative "None"
      [G5-TEMPORAL] skipped (all fields empty/negative)
    Procedure_Plan: 4.2s
      [EXTRACT] raw={
    "procedure_plan": "We will repeat her scans in 2 months. If indicated, we will seek a confirmatory biopsy."
}
      [G1-FORMAT] ok, keys=['procedure_plan']
      [G2-SCHEMA] ok
      [G3-IMPROVE] no changes
      [G4-FAITH] no changes (all supported)
      [G5-TEMPORAL] no changes
    Imaging_Plan: 3.2s
      [EXTRACT] raw={
    "imaging_plan": "Repeat her scans in 2 months."
}
      [G1-FORMAT] ok, keys=['imaging_plan']
      [G2-SCHEMA] ok
      [G3-IMPROVE] no changes
      [G4-FAITH] no changes (all supported)
      [G5-TEMPORAL] no changes
    Lab_Plan: 1.3s [faith-trimmed]
      [EXTRACT] raw={
    "lab_plan": "No labs planned."
}
      [G1-FORMAT] ok, keys=['lab_plan']
      [G2-SCHEMA] ok
      [G3-IMPROVE] skipped (all fields empty/negative)
      [G4-FAITH] lab_plan: "No labs planned." -> ""
      [G4-FAITH] EMPTIED: ['lab_plan']
      [G4-PROTECT] lab_plan: restored safe negative "No labs planned."
      [G5-TEMPORAL] skipped (all fields empty/negative)
    Genetic_Testing_Plan: 1.4s [faith-trimmed]
      [EXTRACT] raw={
    "genetic_testing_plan": "None planned."
}
      [G1-FORMAT] ok, keys=['genetic_testing_plan']
      [G2-SCHEMA] ok
      [G3-IMPROVE] skipped (all fields empty/negative)
      [G4-FAITH] genetic_testing_plan: "None planned." -> ""
      [G4-FAITH] EMPTIED: ['genetic_testing_plan']
      [G4-PROTECT] genetic_testing_plan: restored safe negative "None planned."
    follow_up_next_visit: 2.4s
      [EXTRACT] raw={
    "Next clinic visit": "in-person: 2 months for repeat scans"
}
      [G1-FORMAT] ok, keys=['Next clinic visit']
      [G2-SCHEMA] ok
      [G3-IMPROVE] no changes
      [G4-FAITH] no changes (all supported)
    Advance_care_planning: 1.3s [faith-trimmed]
      [EXTRACT] raw={
    "Advance care": "Not discussed during this visit."
}
      [G1-FORMAT] ok, keys=['Advance care']
      [G2-SCHEMA] ok
      [G3-IMPROVE] skipped (all fields empty/negative)
      [G4-FAITH] Advance care: "Not discussed during this visit." -> ""
      [G4-FAITH] EMPTIED: ['Advance care']
      [G4-PROTECT] Advance care: restored safe negative "Not discussed during this visit."
  Plan extraction prompts: 20.8s
    Referral: 5.4s [improved, faith-trimmed]
      [EXTRACT] raw={
"Nutrition": "None",
"Genetics": "None",
"Specialty": "None",
"Others": "recommend pelvic ultrasound to exclude malignancy.",
"follow up": "We will repeat her scans in 2 months. If indicated, we wil
      [G1-FORMAT] ok, keys=['Nutrition', 'Genetics', 'Specialty', 'Others', 'follow up']
      [G2-SCHEMA] ok
      [G3-IMPROVE] Others: "recommend pelvic ultrasound to exclude malignancy." -> "None"
      [G4-FAITH] Nutrition: "None" -> ""
      [G4-FAITH] Specialty: "None" -> ""
      [G4-FAITH] Others: "None" -> ""
      [G4-FAITH] Genetics: "None" -> ""
      [G4-FAITH] EMPTIED: ['Nutrition', 'Specialty', 'Others', 'Genetics']
      [G4-PROTECT] Nutrition: restored safe negative "None"
      [G4-PROTECT] Specialty: restored safe negative "None"
      [G4-PROTECT] Others: restored safe negative "None"
      [G4-PROTECT] Genetics: restored safe negative "None"
  Referral extraction (full note): 5.4s
    Genetic_Testing_Results: 2.6s [faith-trimmed]
      [EXTRACT] raw={
    "genetic_testing_results": "No genetic testing results in note."
}
      [G1-FORMAT] ok, keys=['genetic_testing_results']
      [G2-SCHEMA] ok
      [G3-IMPROVE] no changes
      [G4-FAITH] genetic_testing_results: "No genetic testing results in note." -> ""
      [G4-FAITH] EMPTIED: ['genetic_testing_results']
      [G4-REVERT] genetic_testing_results: reverted (G4 emptied all fields)
  Genetic_Testing_Results (full note): 2.6s
    [POST-THERAPY] cleared (no oncology drugs found): We will repeat her scans in 2 months. If indicated, we will seek a confirmatory 
    [POST-PLAN-TEMPORAL] imaging clause cleanup: 'Repeat her scans in 2 months.' → 'Repeat her scans in 2 months'
    [POST-STAGE-VERIFY-NOTE] Removed fabricated 'Stage IIB': 'Originally Stage IIB, now metastatic (Stage IV)' → 'now metastatic (Stage IV)'
    [POST-STAGE-SUSPECTED] hedged met evidence (no confirmation) → 'now metastatic (Stage IV)' → 'Suspected Stage IV (pending confirmation)'
    [POST-RESPONSE-COMPRESS] 544→300 chars (dropped plan/verbose)
    [POST-GOALS-FINAL] resected + no active tx + monitoring → surveillance (was 'palliative')
    [POST-RESPONSE-SUSPECTED-SOFTEN] softened unconfirmed progression → hedged
  [ATTRIBUTION] 15/18 fields sourced (7.8s)
  Row 5 total: 104.6s
  Row 5 saved to progress

Processing row 6 (7/20)...
  Injected 1 term definitions: ['adjuvant chemotherapy']
  Trying regex extraction...
  Regex matched: 'ASSESSMENT:'
  Regex extraction succeeded (1235 chars)
  A/P extraction: 0.0s
    Reason_for_Visit: 8.4s [improved, faith-trimmed]
      [EXTRACT] raw={
"Patient type": "Follow up",
"second opinion": "no",
"in-person": "Televisit",
"summary": "Adenocarcinoma of the tail of the pancreas with local extension. The patient is undergoing neoadjuvant chem
      [G1-FORMAT] ok, keys=['Patient type', 'second opinion', 'in-person', 'summary']
      [G2-SCHEMA] ok
      [G3-IMPROVE] summary: "Adenocarcinoma of the tail of the pancreas with local extension. The patient is " -> "Adenocarcinoma of the tail of the pancreas with local extension. The patient is "
      [G4-FAITH] summary: "Adenocarcinoma of the tail of the pancreas with local extens" -> "Adenocarcinoma of the tail of the pancreas with local extens"
      [G4-FAITH] second opinion: "no" -> ""
      [G4-FAITH] EMPTIED: ['second opinion']
      [G4-REVERT-INFER] second opinion: restored classification/inference "no"
    Cancer_Diagnosis: 6.2s [faith-trimmed]
      [EXTRACT] raw={
  "Type_of_Cancer": "Adenocarcinoma of the tail of the pancreas",
  "Stage_of_Cancer": "Not staged in note",
  "Distant_Metastasis": "No",
  "Metastasis": "No"
}
      [G1-FORMAT] ok, keys=['Type_of_Cancer', 'Stage_of_Cancer', 'Distant Metastasis', 'Metastasis']
      [G2-SCHEMA] ok
      [G3-IMPROVE] no changes
      [G4-FAITH] Stage_of_Cancer: "Not staged in note" -> ""
      [G4-FAITH] EMPTIED: ['Stage_of_Cancer']
    Lab_Results: 22.3s [improved, faith-trimmed]
      [EXTRACT] raw={
"lab_summary": "Alkaline Phosphatase 71 U/L, Bilirubin, Total 0.4 mg/dL, Alanine Transaminase 31 U/L, Aspartate Transaminase 30 U/L, Creatinine 0.56 mg/dL, Urea Nitrogen, Serum / Plasma 11 mg/dL, WB
      [G1-FORMAT] ok, keys=['lab_summary']
      [G2-SCHEMA] ok
      [G3-IMPROVE] lab_summary: "Alkaline Phosphatase 71 U/L, Bilirubin, Total 0.4 mg/dL, Alanine Transaminase 31" -> "Alkaline Phosphatase 71 U/L, Bilirubin, Total 0.4 mg/dL, Alanine Transaminase  3"
      [G4-FAITH] lab_summary: "Alkaline Phosphatase 71 U/L, Bilirubin, Total 0.4 mg/dL, Ala" -> "Alkaline Phosphatase 71 U/L, Bilirubin, Total 0.4 mg/dL, Ala"
    Clinical_Findings: 13.0s [improved, faith-trimmed]
      [EXTRACT] raw={
"findings": "Pancreatic tumor in the tail measuring 4.2 x 4 cm, hypoenhancing with areas of calcifications. The mass abuts the hilum of the spleen and the left adrenal gland. Splenic artery involvem
      [G1-FORMAT] ok, keys=['findings']
      [G2-SCHEMA] ok
      [G3-IMPROVE] findings: "Pancreatic tumor in the tail measuring 4.2 x 4 cm, hypoenhancing with areas of c" -> "Pancreatic tumor in the tail measuring  4.2 x 4 cm, hypoenhancing with areas of "
      [G4-FAITH] findings: "Pancreatic tumor in the tail measuring  4.2 x 4 cm, hypoenha" -> "Pancreatic tumor in the tail measuring  4.2 x 4 cm, hypoenha"
    Current_Medications: 8.2s [improved, faith-trimmed, meds-filtered]
      [EXTRACT] raw={
"current_meds": "gemcitabine, Abraxane"
}
      [G1-FORMAT] ok, keys=['current_meds']
      [G2-SCHEMA] ok
      [G3-IMPROVE] current_meds: "gemcitabine, Abraxane" -> ""
      [G4-FAITH] current_meds: "" -> "bisacodyL (DULCOLAX) 5 mg EC tablet, cholecalciferol, vitami"
      [POST-MEDS] bisacodyL (DULCOLAX) 5 mg EC tablet, cholecalciferol, vitamin D3, 1000 UNITS tablet, cloNIDine (CATAPRES) 0.1 mg/24 hr patch, cyanocobalamin, Vitamin B12, (VITAMIN B-12) 500 mcg tablet, diclofenac (VOLTAREN) 1 % gel, docusate sodium (COLACE) 100 mg capsule, fexofenadine (ALLEGRA) 60 mg tablet, fluocinonide (LIDEX) 0.05 % ointment, LORazepam (ATIVAN) 1 mg tablet, oxybutynin (DITROPAN XL) 5 mg 24 hr tablet, oxyCODONE (OXY-IR) 5 mg capsule, pantoprazole (PROTONIX) 40 mg EC tablet, senna (SENOKOT) 8.6 mg tablet, UNABLE TO FIND Med Name: Equi-Block topical ointment -> 
    Treatment_Changes: 4.7s [supp-filtered]
      [EXTRACT] raw={
"recent_changes": "Switched from standard schedule gemcitabine and Abraxane to alternate week due to neutropenia.",
"supportive_meds": "ondansetron, lorazepam"
}
      [G1-FORMAT] ok, keys=['recent_changes', 'supportive_meds']
      [G2-SCHEMA] ok
      [G3-IMPROVE] no changes
      [G4-FAITH] no changes (all supported)
      [POST-SUPP] ondansetron, lorazepam -> ondansetron
  Phase 1 extraction (6 prompts): 62.8s
  Cross-context injected (1022 chars)
    Treatment_Goals: 3.2s [faith-trimmed]
      [EXTRACT] raw={
"goals_of_treatment": "curative",
"goals_description": "Not explicitly stated."
}
      [G1-FORMAT] ok, keys=['goals_of_treatment', 'goals_description']
      [G2-SCHEMA] ok
      [G3-PROTECT-CLASS] goals_of_treatment: blocked modification of classification field
      [G3-IMPROVE] no changes
      [G4-FAITH] goals_of_treatment: "curative" -> ""
      [G4-FAITH] goals_description: "Not explicitly stated." -> ""
      [G4-FAITH] EMPTIED: ['goals_of_treatment', 'goals_description']
      [G4-REVERT] goals_of_treatment: reverted (G4 emptied all fields)
      [G4-REVERT] goals_description: reverted (G4 emptied all fields)
    Response_Assessment: 10.7s
      [EXTRACT] raw={
"response_assessment": "The cancer is showing radiographic evidence of response to treatment. Specifically, there is a slight decrease in the size of the pancreatic tail mass compared to previous im
      [G1-FORMAT] ok, keys=['response_assessment']
      [G2-SCHEMA] ok
      [G3-IMPROVE] no changes
      [G4-FAITH] no changes (all supported)
  Phase 2 extraction (2 prompts): 13.9s
  Total extraction: 76.7s
    Medication_Plan: 3.8s
      [EXTRACT] raw={
    "medication_plan": "Will continue on with treatment without dose or schedule modification."
}
      [G1-FORMAT] ok, keys=['medication_plan']
      [G2-SCHEMA] ok
      [G3-IMPROVE] no changes
      [G4-FAITH] no changes (all supported)
      [G5-TEMPORAL] no changes
    Therapy_plan: 4.2s [improved]
      [EXTRACT] raw={
    "therapy_plan": "Will continue on with treatment without dose or schedule modification."
}
      [G1-FORMAT] ok, keys=['therapy_plan']
      [G2-SCHEMA] ok
      [G3-IMPROVE] therapy_plan: "Will continue on with treatment without dose or schedule modification." -> "Will continue on with treatment without dose or schedule modification. We will r"
      [G4-FAITH] no changes (all supported)
      [G5-TEMPORAL] no changes
    radiotherapy_plan: 1.3s [faith-trimmed]
      [EXTRACT] raw={
    "radiotherapy_plan": "None"
}
      [G1-FORMAT] ok, keys=['radiotherapy_plan']
      [G2-SCHEMA] ok
      [G3-IMPROVE] skipped (all fields empty/negative)
      [G4-FAITH] radiotherapy_plan: "None" -> ""
      [G4-FAITH] EMPTIED: ['radiotherapy_plan']
      [G4-PROTECT] radiotherapy_plan: restored safe negative "None"
      [G5-TEMPORAL] skipped (all fields empty/negative)
    Procedure_Plan: 1.3s [faith-trimmed]
      [EXTRACT] raw={
    "procedure_plan": "No procedures planned."
}
      [G1-FORMAT] ok, keys=['procedure_plan']
      [G2-SCHEMA] ok
      [G3-IMPROVE] skipped (all fields empty/negative)
      [G4-FAITH] procedure_plan: "No procedures planned." -> ""
      [G4-FAITH] EMPTIED: ['procedure_plan']
      [G4-PROTECT] procedure_plan: restored safe negative "No procedures planned."
      [G5-TEMPORAL] skipped (all fields empty/negative)
    Imaging_Plan: 3.5s
      [EXTRACT] raw={
    "imaging_plan": "Will repeat her imaging again in 8 weeks."
}
      [G1-FORMAT] ok, keys=['imaging_plan']
      [G2-SCHEMA] ok
      [G3-IMPROVE] no changes
      [G4-FAITH] no changes (all supported)
      [G5-TEMPORAL] no changes
    Lab_Plan: 1.3s [faith-trimmed]
      [EXTRACT] raw={
    "lab_plan": "No labs planned."
}
      [G1-FORMAT] ok, keys=['lab_plan']
      [G2-SCHEMA] ok
      [G3-IMPROVE] skipped (all fields empty/negative)
      [G4-FAITH] lab_plan: "No labs planned." -> ""
      [G4-FAITH] EMPTIED: ['lab_plan']
      [G4-PROTECT] lab_plan: restored safe negative "No labs planned."
      [G5-TEMPORAL] skipped (all fields empty/negative)
    Genetic_Testing_Plan: 1.4s [faith-trimmed]
      [EXTRACT] raw={
    "genetic_testing_plan": "None planned."
}
      [G1-FORMAT] ok, keys=['genetic_testing_plan']
      [G2-SCHEMA] ok
      [G3-IMPROVE] skipped (all fields empty/negative)
      [G4-FAITH] genetic_testing_plan: "None planned." -> ""
      [G4-FAITH] EMPTIED: ['genetic_testing_plan']
      [G4-PROTECT] genetic_testing_plan: restored safe negative "None planned."
    follow_up_next_visit: 2.5s
      [EXTRACT] raw={
    "Next clinic visit": "telehealth: 8 weeks for repeat imaging"
}
      [G1-FORMAT] ok, keys=['Next clinic visit']
      [G2-SCHEMA] ok
      [G3-IMPROVE] no changes
      [G4-FAITH] no changes (all supported)
    Advance_care_planning: 1.4s [faith-trimmed]
      [EXTRACT] raw={
    "Advance care": "Not discussed during this visit."
}
      [G1-FORMAT] ok, keys=['Advance care']
      [G2-SCHEMA] ok
      [G3-IMPROVE] skipped (all fields empty/negative)
      [G4-FAITH] Advance care: "Not discussed during this visit." -> ""
      [G4-FAITH] EMPTIED: ['Advance care']
      [G4-PROTECT] Advance care: restored safe negative "Not discussed during this visit."
  Plan extraction prompts: 20.7s
    Referral: 6.8s [improved, faith-trimmed]
      [EXTRACT] raw={
"Nutrition": "None",
"Genetics": "None",
"Specialty": "She has been seen by Gyn Onc regarding the right adnexal mass.",
"Others": "None",
"follow up": "Will continue on with treatment without dose o
      [G1-FORMAT] ok, keys=['Nutrition', 'Genetics', 'Specialty', 'Others', 'follow up']
      [G2-SCHEMA] ok
      [G3-IMPROVE] Specialty: "She has been seen by Gyn Onc regarding the right adnexal mass." -> "Gyn Onc"
      [G4-FAITH] Nutrition: "None" -> ""
      [G4-FAITH] Others: "None" -> ""
      [G4-FAITH] Genetics: "None" -> "Germ line testing showed no pathologic variants. VUS seen in"
      [G4-FAITH] EMPTIED: ['Nutrition', 'Others']
      [G4-PROTECT] Nutrition: restored safe negative "None"
      [G4-PROTECT] Others: restored safe negative "None"
  Referral extraction (full note): 6.8s
    Genetic_Testing_Results: 4.4s
      [EXTRACT] raw={
    "genetic_testing_results": "Germ line testing showed no pathologic variants. VUS seen in AXIN1, CTC1, ERCC4, MC1R."
}
      [G1-FORMAT] ok, keys=['genetic_testing_results']
      [G2-SCHEMA] ok
      [G3-IMPROVE] no changes
      [G4-FAITH] no changes (all supported)
  Genetic_Testing_Results (full note): 4.4s
    [POST-GENETICS] cleared completed test result: 'Germ line testing showed no pathologic variants. VUS seen in AXIN1, CTC1, ERCC4, MC1R.'
    [POST-REFERRAL-INCOMING] 'Gyn Onc' is incoming (already seen) → None
    [POST-THERAPY] cleared (no oncology drugs found): Will continue on with treatment without dose or schedule modification. We will r
    [POST-THERAPY-NONE-FIX] therapy_plan was None but A/P continues treatment → 'Continue current treatment without dose or schedul'
    [POST-PLAN-TEMPORAL] imaging clause cleanup: 'Will repeat her imaging again in 8 weeks' → 'Will repeat her imaging again in 8 weeks'
    [POST-STAGE-LOCALLY-ADVANCED] descriptive extent retained → 'Locally advanced (unresectable)'
    [POST-RESPONSE-COMPRESS] 505→124 chars (dropped plan/verbose)
    [POST-SUPP-NOTTAKING] dropped 'ondansetron' (note: Patient not taking)
  [ATTRIBUTION] 17/20 fields sourced (9.0s)
  Row 6 total: 117.6s
  Row 6 saved to progress

Processing row 7 (8/20)...
  Trying regex extraction...
  Regex matched: 'Impression and Recommendations:'
  Regex extraction succeeded (3758 chars)
  A/P extraction: 0.0s
    Reason_for_Visit: 9.3s [faith-trimmed]
      [EXTRACT] raw={
"Patient type": "New patient",
"second opinion": "no",
"in-person": "in-person",
"summary": "Ms. [REDACTED] is a 69 y.o. female with recurrent metastatic pancreatic adenocarcinoma who comes to our G
      [G1-FORMAT] ok, keys=['Patient type', 'second opinion', 'in-person', 'summary']
      [G2-SCHEMA] ok
      [G3-PROTECT-CLASS] second opinion: blocked modification of classification field
      [G3-PROTECT-CLASS] Patient type: blocked modification of classification field
      [G3-IMPROVE] no changes
      [G4-FAITH] second opinion: "no" -> ""
      [G4-FAITH] EMPTIED: ['second opinion']
      [G4-REVERT-INFER] second opinion: restored classification/inference "no"
    Cancer_Diagnosis: 9.5s [improved, faith-trimmed]
      [EXTRACT] raw={
  "Type_of_Cancer": "Poorly differentiated pancreatic ductal adenocarcinoma with lymphovascular invasion",
  "Stage_of_Cancer": "pT2N2; Originally Stage IIB, now metastatic (Stage IV)",
  "Distant_M
      [G1-FORMAT] ok, keys=['Type_of_Cancer', 'Stage_of_Cancer', 'Distant Metastasis', 'Metastasis']
      [G2-SCHEMA] ok
      [G3-IMPROVE] Stage_of_Cancer: "pT2N2; Originally Stage IIB, now metastatic (Stage IV)" -> "pT2N2; originally Stage IIB, now metastatic (Stage IV)"
      [G4-FAITH] Distant Metastasis: "Yes, to intra-abdominal lymph nodes" -> ""
      [G4-FAITH] EMPTIED: ['Distant Metastasis']
    Lab_Results: 4.6s [faith-trimmed]
      [EXTRACT] raw={
"lab_summary": "WBC 5, Hb 10.7, plt 137, Cr 0.67, ALT 70, AST 66, ALP 522, Total bili 0.5, alb 4, CA 19-9 61"
}
      [G1-FORMAT] ok, keys=['lab_summary']
      [G2-SCHEMA] ok
      [G3-IMPROVE] no changes
      [G4-FAITH] lab_summary: "WBC 5, Hb 10.7, plt 137, Cr 0.67, ALT 70, AST 66, ALP 522, T" -> "WBC 5, Hb 10.7, plt 137, Cr 0.67, ALT 70, AST 66, ALP 522, T"
    Clinical_Findings: 20.5s [improved]
      [EXTRACT] raw={
"findings": "Pathology: Metastatic adenocarcinoma confirmed via EUS-guided sampling of an 18 mm lymph node in the gastrohepatic ligament region (09/12/20). Imaging: CT C/A/P (10/24/20) shows mildly 
      [G1-FORMAT] ok, keys=['findings']
      [G2-SCHEMA] ok
      [G3-IMPROVE] findings: "Pathology: Metastatic adenocarcinoma confirmed via EUS-guided sampling of an 18 " -> "Pathology: Metastatic adenocarcinoma confirmed via EUS-guided sampling of an 18 "
      [G4-FAITH] no changes (all supported)
    Current_Medications: 2.5s
      [EXTRACT] raw={
"current_meds": "gemcitabine, nab-paclitaxel"
}
      [G1-FORMAT] ok, keys=['current_meds']
      [G2-SCHEMA] ok
      [G3-IMPROVE] no changes
      [G4-FAITH] no changes (all supported)
    Treatment_Changes: 4.2s [supp-filtered]
      [EXTRACT] raw={
"recent_changes": "",
"supportive_meds": "morphine (MS Contin) 15 mg controlled release tablet, amylase-lipase-protease (Creon 24,000)"
}
      [G1-FORMAT] ok, keys=['recent_changes', 'supportive_meds']
      [G2-SCHEMA] ok
      [G3-PROTECT] recent_changes: blocked fill into empty field
      [G3-IMPROVE] no changes
      [G4-FAITH] no changes (all supported)
      [POST-SUPP] morphine (MS Contin) 15 mg controlled release tablet, amylase-lipase-protease (Creon 24,000) -> morphine (MS Contin) 15 mg controlled release tablet
  Phase 1 extraction (6 prompts): 50.6s
  Cross-context injected (1648 chars)
    Treatment_Goals: 5.4s
      [EXTRACT] raw={
"goals_of_treatment": "palliative",
"goals_description": "The mainstay of treatment should consist of systemic therapy with the goal of achieving as deep and durable a remission as possible, hopeful
      [G1-FORMAT] ok, keys=['goals_of_treatment', 'goals_description']
      [G2-SCHEMA] ok
      [G3-PROTECT-CLASS] goals_of_treatment: blocked modification of classification field
      [G3-IMPROVE] no changes
      [G4-FAITH] no changes (all supported)
    Response_Assessment: 11.2s [faith-trimmed]
      [EXTRACT] raw={
"response_assessment": "The cancer is showing a favorable treatment response to date. This is based on the recent restaging CT (10/24/20) after approximately 6 weeks on treatment with gemcitabine an
      [G1-FORMAT] ok, keys=['response_assessment']
      [G2-SCHEMA] ok
      [G3-IMPROVE] no changes
      [G4-FAITH] response_assessment: "The cancer is showing a favorable treatment response to date" -> "The cancer is showing a favorable treatment response to date"
  Phase 2 extraction (2 prompts): 16.6s
  Total extraction: 67.3s
    Medication_Plan: 7.8s
      [EXTRACT] raw={
    "medication_plan": "Continue on gemcitabine/nab-paclitaxel with an every other week dosing schedule while tolerating it adequately, aiming to treat to maximal radiographic/biochemical response o
      [G1-FORMAT] ok, keys=['medication_plan']
      [G2-SCHEMA] ok
      [G3-IMPROVE] no changes
      [G4-FAITH] no changes (all supported)
      [G5-TEMPORAL] no changes
    Therapy_plan: 16.0s
      [EXTRACT] raw={
    "therapy_plan": "Continue on gemcitabine/nab-paclitaxel with an every other week dosing schedule while tolerating it adequately, aiming to treat to maximal radiographic/biochemical response or a
      [G1-FORMAT] ok, keys=['therapy_plan']
      [G2-SCHEMA] ok
      [G3-IMPROVE] no changes
      [G4-FAITH] no changes (all supported)
      [G5-TEMPORAL] no changes
    radiotherapy_plan: 5.1s [improved]
      [EXTRACT] raw={
    "radiotherapy_plan": "We talked about the role for radiation treatment to address any residual disease; it can be offered for palliative purposes or to treat isolated recurrences, but would not 
      [G1-FORMAT] ok, keys=['radiotherapy_plan']
      [G2-SCHEMA] ok
      [G3-IMPROVE] radiotherapy_plan: "We talked about the role for radiation treatment to address any residual disease" -> "Radiation treatment can be offered for palliative purposes or to treat isolated "
      [G4-FAITH] no changes (all supported)
      [G5-TEMPORAL] no changes
    Procedure_Plan: 1.2s [faith-trimmed]
      [EXTRACT] raw={
    "procedure_plan": "No procedures planned."
}
      [G1-FORMAT] ok, keys=['procedure_plan']
      [G2-SCHEMA] ok
      [G3-IMPROVE] skipped (all fields empty/negative)
      [G4-FAITH] procedure_plan: "No procedures planned." -> ""
      [G4-FAITH] EMPTIED: ['procedure_plan']
      [G4-PROTECT] procedure_plan: restored safe negative "No procedures planned."
      [G5-TEMPORAL] skipped (all fields empty/negative)
    Imaging_Plan: 1.3s [faith-trimmed]
      [EXTRACT] raw={
    "imaging_plan": "No imaging planned."
}
      [G1-FORMAT] ok, keys=['imaging_plan']
      [G2-SCHEMA] ok
      [G3-IMPROVE] skipped (all fields empty/negative)
      [G4-FAITH] imaging_plan: "No imaging planned." -> ""
      [G4-FAITH] EMPTIED: ['imaging_plan']
      [G4-PROTECT] imaging_plan: restored safe negative "No imaging planned."
      [G5-TEMPORAL] skipped (all fields empty/negative)
    Lab_Plan: 1.1s [faith-trimmed]
      [EXTRACT] raw={
    "lab_plan": "No labs planned."
}
      [G1-FORMAT] ok, keys=['lab_plan']
      [G2-SCHEMA] ok
      [G3-IMPROVE] skipped (all fields empty/negative)
      [G4-FAITH] lab_plan: "No labs planned." -> ""
      [G4-FAITH] EMPTIED: ['lab_plan']
      [G4-PROTECT] lab_plan: restored safe negative "No labs planned."
      [G5-TEMPORAL] skipped (all fields empty/negative)
    Genetic_Testing_Plan: 2.4s
      [EXTRACT] raw={
    "genetic_testing_plan": "A FoundationOne panel has been requested for somatic tumor profiling."
}
      [G1-FORMAT] ok, keys=['genetic_testing_plan']
      [G2-SCHEMA] ok
      [G3-IMPROVE] no changes
      [G4-FAITH] no changes (all supported)
    follow_up_next_visit: 2.2s
      [EXTRACT] raw={
    "Next clinic visit": "in-person: at her request or as clinically indicated"
}
      [G1-FORMAT] ok, keys=['Next clinic visit']
      [G2-SCHEMA] ok
      [G3-IMPROVE] no changes
      [G4-FAITH] no changes (all supported)
    Advance_care_planning: 1.1s [faith-trimmed]
      [EXTRACT] raw={
    "Advance care": "Not discussed during this visit."
}
      [G1-FORMAT] ok, keys=['Advance care']
      [G2-SCHEMA] ok
      [G3-IMPROVE] skipped (all fields empty/negative)
      [G4-FAITH] Advance care: "Not discussed during this visit." -> ""
      [G4-FAITH] EMPTIED: ['Advance care']
      [G4-PROTECT] Advance care: restored safe negative "Not discussed during this visit."
  Plan extraction prompts: 38.1s
    Referral: 8.1s [faith-trimmed]
      [EXTRACT] raw={
"Nutrition": "None",
"Genetics": "None",
"Specialty": "Consultation for her recurrent metastatic pancreatic adenocarcinoma at the UCSF Comprehensive Cancer Center",
"Others": "None",
"follow up": "W
      [G1-FORMAT] ok, keys=['Nutrition', 'Genetics', 'Specialty', 'Others', 'follow up']
      [G2-SCHEMA] ok
      [G3-IMPROVE] no changes
      [G4-FAITH] Nutrition: "None" -> ""
      [G4-FAITH] Others: "None" -> ""
      [G4-FAITH] Genetics: "None" -> "germline ATM mutation"
      [G4-FAITH] EMPTIED: ['Nutrition', 'Others']
      [G4-PROTECT] Nutrition: restored safe negative "None"
      [G4-PROTECT] Others: restored safe negative "None"
  Referral extraction (full note): 8.1s
    Genetic_Testing_Results: 2.9s [improved, faith-trimmed]
      [EXTRACT] raw={
    "genetic_testing_results": "Germline ATM mutation. MMR proteins all intact by IHC."
}
      [G1-FORMAT] ok, keys=['genetic_testing_results']
      [G2-SCHEMA] ok
      [G3-IMPROVE] genetic_testing_results: "Germline ATM mutation. MMR proteins all intact by IHC." -> "Germline ATM mutation. MMR proteins all intact by IHC. No specific test platform"
      [G4-FAITH] genetic_testing_results: "Germline ATM mutation. MMR proteins all intact by IHC. No sp" -> "Germline ATM mutation. MMR proteins all intact by IHC."
  Genetic_Testing_Results (full note): 2.9s
    [POST-GENETICS] cleared completed test result: 'germline ATM mutation'
    [POST-PLAN-REJECTED-DRUG] removed disfavored/declined from therapy_plan: ['pembrolizumab']
    [POST-STAGE-DISTMET] no confirmed M1 basis: 'pT2N2; originally Stage IIB, now metastatic (Stage IV)' → 'Not staged in note'
    [POST-STAGE-CTNM] filled empty stage from TNM in note: 'pT2N2'
    [POST-RESPONSE-COMPRESS] 436→312 chars (dropped plan/verbose)
    [POST-SUPP-SUPPLEMENT] recovered supportive meds: ['Creon (pancreatic enzyme)']
    [POST-MEDS-COMPLETED-CHEMO] 'gemcitabine, nab-paclitaxel' completed/on-break → cleared current_meds
    [POST-RESPONSE-FINAL] empty final meds plus held/completed treatment: 'This is based on the recent restaging CT (10/24/20) after approximately 6 weeks ' → 'Not mentioned in note.'
  [ATTRIBUTION] 16/20 fields sourced (10.6s)
  Row 7 total: 127.1s
  Row 7 saved to progress

Processing row 8 (9/20)...
  Injected 3 term definitions: ['stable disease', 'lumpectomy', 'FISH']
  Trying regex extraction...
  Regex failed, falling back to LLM extraction...
  LLM Extraction Attempt 1...
  Running LLM Sanity Check...
  Success on attempt 1 (Verified by LLM, 758 chars)
  A/P extraction: 7.1s
    Reason_for_Visit: 8.8s [faith-trimmed]
      [EXTRACT] raw={
"Patient type": "Follow up",
"second opinion": "no",
"in-person": "in-person",
"summary": "71 y.o. female with metastatic pancreatic cancer presenting for evaluation of her metastatic pancreatic can
      [G1-FORMAT] ok, keys=['Patient type', 'second opinion', 'in-person', 'summary']
      [G2-SCHEMA] ok
      [G3-IMPROVE] no changes
      [G4-FAITH] second opinion: "no" -> ""
      [G4-FAITH] EMPTIED: ['second opinion']
      [G4-REVERT-INFER] second opinion: restored classification/inference "no"
    Cancer_Diagnosis: 5.8s [improved]
      [EXTRACT] raw={
  "Type_of_Cancer": "Metastatic pancreatic cancer",
  "Stage_of_Cancer": "Metastatic (Stage IV)",
  "Distant_Metastasis": "Yes, to lungs",
  "Metastasis": "Yes — confirmed regional nodes; distant di
      [G1-FORMAT] ok, keys=['Type_of_Cancer', 'Stage_of_Cancer', 'Distant Metastasis', 'Metastasis']
      [G2-SCHEMA] ok
      [G3-IMPROVE] Metastasis: "Yes — confirmed regional nodes; distant disease to lungs" -> "Yes — distant disease to lungs; regional nodes not specified"
      [G4-FAITH] no changes (all supported)
    Lab_Results: 12.1s
      [EXTRACT] raw={
"lab_summary": "WBC Count 5.3, Neutrophil Absolute Count 3.56, Hemoglobin 10.1 (L), Hematocrit 32.1 (L), Platelet Count 159, Creatinine 0.51, Sodium, Serum / Plasma 136, Potassium, Serum / Plasma 4.
      [G1-FORMAT] ok, keys=['lab_summary']
      [G2-SCHEMA] ok
      [G3-IMPROVE] no changes
      [G4-FAITH] no changes (all supported)
    Clinical_Findings: 29.9s [improved]
      [EXTRACT] raw={
"findings": "Imaging findings: CT Chest abd pelvis 07/14/2018 shows unchanged size and number of bilateral pulmonary nodules consistent with treated metastases. Interval decrease in size of hypoatte
      [G1-FORMAT] ok, keys=['findings']
      [G2-SCHEMA] ok
      [G3-IMPROVE] findings: "Imaging findings: CT Chest abd pelvis 07/14/2018 shows unchanged size and number" -> "Imaging findings: CT Chest abd pelvis 07/14/2018 shows unchanged size and number"
      [G4-FAITH] no changes (all supported)
    Current_Medications: 3.4s
      [EXTRACT] raw={
"current_meds": "Gemcitabine, Abraxane"
}
      [G1-FORMAT] ok, keys=['current_meds']
      [G2-SCHEMA] ok
      [G3-IMPROVE] no changes
      [G4-FAITH] no changes (all supported)
    Treatment_Changes: 7.1s [improved, supp-filtered]
      [EXTRACT] raw={
"recent_changes": "Further reduced abraxane today. Recheck neuropathy in 2 weeks.",
"supportive_meds": "lorazepam (ativan), metoclopramide HCl (reglan), olanzapine (zyrxea), mirtazapine (remeron), c
      [G1-FORMAT] ok, keys=['recent_changes', 'supportive_meds']
      [G2-SCHEMA] ok
      [G3-IMPROVE] supportive_meds: "lorazepam (ativan), metoclopramide HCl (reglan), olanzapine (zyrxea), mirtazapin" -> "lorazepam (ativan), metoclopramide HCl (reglan), olanzapine (zyrxea), mirtazapin"
      [G4-FAITH] no changes (all supported)
      [POST-SUPP] lorazepam (ativan), metoclopramide HCl (reglan), olanzapine (zyrxea), mirtazapine (remeron) -> olanzapine (zyrxea)
  Phase 1 extraction (6 prompts): 67.2s
  Cross-context injected (1737 chars)
    Treatment_Goals: 6.1s [faith-trimmed]
      [EXTRACT] raw={
"goals_of_treatment": "palliative",
"goals_description": "Not explicitly stated."
}
      [G1-FORMAT] ok, keys=['goals_of_treatment', 'goals_description']
      [G2-SCHEMA] ok
      [G3-IMPROVE] no changes
      [G4-FAITH] goals_of_treatment: "palliative" -> ""
      [G4-FAITH] goals_description: "Not explicitly stated." -> ""
      [G4-FAITH] EMPTIED: ['goals_of_treatment', 'goals_description']
      [G4-REVERT] goals_of_treatment: reverted (G4 emptied all fields)
      [G4-REVERT] goals_description: reverted (G4 emptied all fields)
    Response_Assessment: 27.9s
      [EXTRACT] raw={
"response_assessment": "Metastatic pancreatic cancer is currently responding to gemcitabine and abraxane with stable disease. Evidence includes CT Chest abd pelvis 07/14/2018 showing unchanged size 
      [G1-FORMAT] ok, keys=['response_assessment']
      [G2-SCHEMA] ok
      [G3-IMPROVE] no changes
      [G4-FAITH] no changes (all supported)
  Phase 2 extraction (2 prompts): 34.0s
  Total extraction: 101.2s
    Medication_Plan: 4.4s [temporal-cleaned]
      [EXTRACT] raw={
    "medication_plan": "Further reduced abraxane today. Remeron started today. Continue GOO stent for nausea/vomiting."
}
      [G1-FORMAT] ok, keys=['medication_plan']
      [G2-SCHEMA] ok
      [G3-IMPROVE] no changes
      [G4-FAITH] no changes (all supported)
      [G5-TEMPORAL] medication_plan: "Further reduced abraxane today. Remeron started today. Continue GOO stent for na" -> "Remeron started today. Continue GOO stent for nausea/vomiting."
    Therapy_plan: 5.5s
      [EXTRACT] raw={
    "therapy_plan": "Metastatic pancreatic cancer. Responding to gem abraxane with stable disease but experiencing neuropathy. Abraxane dose further reduced today. Recheck neuropathy in 2 weeks."
}
      [G1-FORMAT] ok, keys=['therapy_plan']
      [G2-SCHEMA] ok
      [G3-IMPROVE] no changes
      [G4-FAITH] no changes (all supported)
      [G5-TEMPORAL] no changes
    radiotherapy_plan: 1.1s [faith-trimmed]
      [EXTRACT] raw={
    "radiotherapy_plan": "None"
}
      [G1-FORMAT] ok, keys=['radiotherapy_plan']
      [G2-SCHEMA] ok
      [G3-IMPROVE] skipped (all fields empty/negative)
      [G4-FAITH] radiotherapy_plan: "None" -> ""
      [G4-FAITH] EMPTIED: ['radiotherapy_plan']
      [G4-PROTECT] radiotherapy_plan: restored safe negative "None"
      [G5-TEMPORAL] skipped (all fields empty/negative)
    Procedure_Plan: 1.8s [improved, faith-trimmed]
      [EXTRACT] raw={
    "procedure_plan": "GOO stented and stable for now."
}
      [G1-FORMAT] ok, keys=['procedure_plan']
      [G2-SCHEMA] ok
      [G3-IMPROVE] procedure_plan: "GOO stented and stable for now." -> "No procedures planned."
      [G4-FAITH] procedure_plan: "No procedures planned." -> ""
      [G4-FAITH] EMPTIED: ['procedure_plan']
      [G4-PROTECT] procedure_plan: restored safe negative "No procedures planned."
      [G5-TEMPORAL] skipped (all fields empty/negative)
    Imaging_Plan: 3.0s
      [EXTRACT] raw={
    "imaging_plan": "CT scan on next end of September 22."
}
      [G1-FORMAT] ok, keys=['imaging_plan']
      [G2-SCHEMA] ok
      [G3-IMPROVE] no changes
      [G4-FAITH] no changes (all supported)
      [G5-TEMPORAL] no changes
    Lab_Plan: 1.1s [faith-trimmed]
      [EXTRACT] raw={
    "lab_plan": "No labs planned."
}
      [G1-FORMAT] ok, keys=['lab_plan']
      [G2-SCHEMA] ok
      [G3-IMPROVE] skipped (all fields empty/negative)
      [G4-FAITH] lab_plan: "No labs planned." -> ""
      [G4-FAITH] EMPTIED: ['lab_plan']
      [G4-PROTECT] lab_plan: restored safe negative "No labs planned."
      [G5-TEMPORAL] skipped (all fields empty/negative)
    Genetic_Testing_Plan: 1.1s [faith-trimmed]
      [EXTRACT] raw={
    "genetic_testing_plan": "None planned."
}
      [G1-FORMAT] ok, keys=['genetic_testing_plan']
      [G2-SCHEMA] ok
      [G3-IMPROVE] skipped (all fields empty/negative)
      [G4-FAITH] genetic_testing_plan: "None planned." -> ""
      [G4-FAITH] EMPTIED: ['genetic_testing_plan']
      [G4-PROTECT] genetic_testing_plan: restored safe negative "None planned."
    follow_up_next_visit: 2.2s
      [EXTRACT] raw={
    "Next clinic visit": "in-person: in 2 weeks for neuropathy check"
}
      [G1-FORMAT] ok, keys=['Next clinic visit']
      [G2-SCHEMA] ok
      [G3-IMPROVE] no changes
      [G4-FAITH] no changes (all supported)
    Advance_care_planning: 1.1s [faith-trimmed]
      [EXTRACT] raw={
    "Advance care": "Not discussed during this visit."
}
      [G1-FORMAT] ok, keys=['Advance care']
      [G2-SCHEMA] ok
      [G3-IMPROVE] skipped (all fields empty/negative)
      [G4-FAITH] Advance care: "Not discussed during this visit." -> ""
      [G4-FAITH] EMPTIED: ['Advance care']
      [G4-PROTECT] Advance care: restored safe negative "Not discussed during this visit."
  Plan extraction prompts: 21.2s
    Referral: 6.7s [faith-trimmed]
      [EXTRACT] raw={
"Nutrition": "None",
"Genetics": "Consultation with Dr. [REDACTED], Phase I, and was placed on waitlist for nab-paclitaxel + CORT125134.",
"Specialty": "None",
"Others": "None",
"follow up": "RTC: i
      [G1-FORMAT] ok, keys=['Nutrition', 'Genetics', 'Specialty', 'Others', 'follow up']
      [G2-SCHEMA] ok
      [G3-IMPROVE] no changes
      [G4-FAITH] Nutrition: "None" -> ""
      [G4-FAITH] Specialty: "None" -> ""
      [G4-FAITH] Others: "None" -> ""
      [G4-FAITH] EMPTIED: ['Nutrition', 'Specialty', 'Others']
      [G4-PROTECT] Nutrition: restored safe negative "None"
      [G4-PROTECT] Specialty: restored safe negative "None"
      [G4-PROTECT] Others: restored safe negative "None"
  Referral extraction (full note): 6.7s
    Genetic_Testing_Results: 3.4s
      [EXTRACT] raw={
    "genetic_testing_results": "BRCA variant of unknown significance (VUS); K-ras mutation; CDKN2a mutation; APC mutation."
}
      [G1-FORMAT] ok, keys=['genetic_testing_results']
      [G2-SCHEMA] ok
      [G3-IMPROVE] no changes
      [G4-FAITH] no changes (all supported)
  Genetic_Testing_Results (full note): 3.4s
    [POST-THERAPY] removed non-therapy: ['Metastatic pancreatic cancer.', 'Recheck neuropathy in 2 weeks.']
    [POST-MEDICATION-SUPPLEMENT] Added missing meds: ['abraxane']
    [POST-PLAN-TEMPORAL] imaging clause cleanup: 'CT scan on next end of September 22.' → 'CT scan on next end of September 22'
    [POST-GENETICS-SEARCH] found in full note: ['brca2']
    [POST-GENETICS-RESULT-CHECK] Removed known mutation result: 'brca2'
    [POST-METASTATIC-UPGRADE] confirmed current M1 evidence → Stage IV + distant met Yes (stage was 'Metastatic (Stage IV)')
    [POST-RESPONSE-COMPRESS] 792→487 chars (dropped plan/verbose)
    [POST-FINDINGS-PURITY] dropped 3 plan/lab-dump sentence(s) from findings
    [POST-SUPP-SUPPLEMENT] recovered supportive meds: ['Creon (pancreatic enzyme)']
    [POST-MEDS-CROSSCHECK] Removed 'Gemcitabine' — not found in medication list or A/P as current
    [POST-MEDS-DOUBLET] completed regimen: +['gemcitabine']
  [ATTRIBUTION] 19/23 fields sourced (10.1s)
  Row 8 total: 149.8s
  Row 8 saved to progress

Processing row 9 (10/20)...
  Injected 1 term definitions: ['stable disease']
  Trying regex extraction...
  Regex matched: 'Impression and Recommendations:'
  Regex extraction succeeded (3908 chars)
  A/P extraction: 0.0s
    Reason_for_Visit: 7.8s [faith-trimmed]
      [EXTRACT] raw={
"Patient type": "follow up",
"second opinion": "no",
"in-person": "Televisit",
"summary": "Ms. [REDACTED] is a 73 y.o. female with locally advanced PDAC on mFOLFIRINOX presenting for follow-up and s
      [G1-FORMAT] ok, keys=['Patient type', 'second opinion', 'in-person', 'summary']
      [G2-SCHEMA] ok
      [G3-IMPROVE] no changes
      [G4-FAITH] second opinion: "no" -> ""
      [G4-FAITH] EMPTIED: ['second opinion']
      [G4-REVERT-INFER] second opinion: restored classification/inference "no"
    Cancer_Diagnosis: 6.0s [faith-trimmed]
      [EXTRACT] raw={
"Type_of_Cancer": "Pancreatic ductal adenocarcinoma",
"Stage_of_Cancer": "Locally advanced (unresectable)",
"Distant Metastasis": "No",
"Metastasis": "No — confirmed regional nodes; distant disease 
      [G1-FORMAT] ok, keys=['Type_of_Cancer', 'Stage_of_Cancer', 'Distant Metastasis', 'Metastasis']
      [G2-SCHEMA] ok
      [G3-IMPROVE] no changes
      [G4-FAITH] Distant Metastasis: "No" -> ""
      [G4-FAITH] Metastasis: "No — confirmed regional nodes; distant disease uncertain — s" -> ""
      [G4-FAITH] EMPTIED: ['Distant Metastasis', 'Metastasis']
      [G4-REVERT-INFER] Distant Metastasis: restored classification/inference "No"
      [G4-REVERT-INFER] Metastasis: restored classification/inference "No — confirmed regional nodes; distant disease uncertain — s"
    Lab_Results: 22.6s
      [EXTRACT] raw={
"lab_summary": "WBC Count 30.6 (H), Hemoglobin 8.7 (L), Hematocrit 27.1 (L), MCV 99, Platelet Count 192, Neutrophil Absolute Count 24.06 (H), Albumin, Serum / Plasma 4.4, Alkaline Phosphatase 204 (H
      [G1-FORMAT] ok, keys=['lab_summary']
      [G2-SCHEMA] ok
      [G3-IMPROVE] no changes
      [G4-FAITH] no changes (all supported)
    Clinical_Findings: 10.3s
      [EXTRACT] raw={
"findings": "Pancreatic mass measuring 4.4 x 3.5 cm with upstream pancreatic ductal dilatation and parenchymal atrophy, similar to prior study. Encasement and severe narrowing of celiac and superior
      [G1-FORMAT] ok, keys=['findings']
      [G2-SCHEMA] ok
      [G3-IMPROVE] no changes
      [G4-FAITH] no changes (all supported)
    Current_Medications: 2.4s [meds-filtered]
      [EXTRACT] raw={
"current_meds": "FOLFOX"
}
      [G1-FORMAT] ok, keys=['current_meds']
      [G2-SCHEMA] ok
      [G3-IMPROVE] no changes
      [G4-FAITH] no changes (all supported)
      [POST-MEDS] FOLFOX -> 
    Treatment_Changes: 7.7s [supp-filtered]
      [EXTRACT] raw={
"recent_changes": "Omitted irinotecan since C3 (due to colitis on scans, performance status).",
"supportive_meds": "ondansetron (ZOFRAN) 8 mg tablet, loperamide (IMODIUM) 2 mg capsule, potassium chl
      [G1-FORMAT] ok, keys=['recent_changes', 'supportive_meds']
      [G2-SCHEMA] ok
      [G3-IMPROVE] no changes
      [G4-FAITH] no changes (all supported)
      [POST-SUPP] ondansetron (ZOFRAN) 8 mg tablet, loperamide (IMODIUM) 2 mg capsule, potassium chloride (KLOR-CON 10) 10 mEq ER tablet -> ondansetron (ZOFRAN) 8 mg tablet, loperamide (IMODIUM) 2 mg capsule
  Phase 1 extraction (6 prompts): 56.9s
  Cross-context injected (1018 chars)
    Treatment_Goals: 3.3s [faith-trimmed]
      [EXTRACT] raw={
"goals_of_treatment": "palliative",
"goals_description": "Not explicitly stated."
}
      [G1-FORMAT] ok, keys=['goals_of_treatment', 'goals_description']
      [G2-SCHEMA] ok
      [G3-PROTECT-CLASS] goals_of_treatment: blocked modification of classification field
      [G3-IMPROVE] no changes
      [G4-FAITH] goals_of_treatment: "palliative" -> ""
      [G4-FAITH] goals_description: "Not explicitly stated." -> ""
      [G4-FAITH] EMPTIED: ['goals_of_treatment', 'goals_description']
      [G4-REVERT] goals_of_treatment: reverted (G4 emptied all fields)
      [G4-REVERT] goals_description: reverted (G4 emptied all fields)
    Response_Assessment: 13.2s
      [EXTRACT] raw={
"response_assessment": "Stable disease without evidence of distant metastases. CT scan on 12/10/2019 showed a stable pancreatic mass measuring 4.4 x 3.5 cm with upstream pancreatic ductal dilatation
      [G1-FORMAT] ok, keys=['response_assessment']
      [G2-SCHEMA] ok
      [G3-IMPROVE] no changes
      [G4-FAITH] no changes (all supported)
  Phase 2 extraction (2 prompts): 16.5s
  Total extraction: 73.4s
    Medication_Plan: 23.6s
      [EXTRACT] raw={
    "medication_plan": "Continue with FOLFOX only going forward: oxaliplatin 85mg/m2, 5FU 2400mg/m2 over 46h. Aloxi, aprepitant, dexamethasone as premeds, with prn ativan D1. 1L NS, 12mg PO dexameth
      [G1-FORMAT] ok, keys=['medication_plan']
      [G2-SCHEMA] ok
      [G3-IMPROVE] no changes
      [G4-FAITH] no changes (all supported)
      [G5-TEMPORAL] no changes
    Therapy_plan: 14.9s
      [EXTRACT] raw={
    "therapy_plan": "Overall plan is for 4-6 months of upfront chemotherapy with q2mo scans. After induction chemotherapy, options include readdressing surgical prospects with Dr. [REDACTED] or cons
      [G1-FORMAT] ok, keys=['therapy_plan']
      [G2-SCHEMA] ok
      [G3-IMPROVE] no changes
      [G4-FAITH] no changes (all supported)
      [G5-TEMPORAL] no changes
    radiotherapy_plan: 6.1s
      [EXTRACT] raw={
    "radiotherapy_plan": "At the end of a period of induction chemotherapy, consolidative chemoradiation could be considered, either conventionally fractionated therapy with concurrent capecitabine 
      [G1-FORMAT] ok, keys=['radiotherapy_plan']
      [G2-SCHEMA] ok
      [G3-IMPROVE] no changes
      [G4-FAITH] no changes (all supported)
      [G5-TEMPORAL] no changes
    Procedure_Plan: 9.8s [improved]
      [EXTRACT] raw={
    "procedure_plan": "At the end of a period of induction chemotherapy, could consider either (1) readdressing her surgical prospects with Dr. [REDACTED], although based on her local extent of dise
      [G1-FORMAT] ok, keys=['procedure_plan']
      [G2-SCHEMA] ok
      [G3-IMPROVE] procedure_plan: "At the end of a period of induction chemotherapy, could consider either (1) read" -> "At the end of a period of induction chemotherapy, could consider either (1) read"
      [G4-FAITH] no changes (all supported)
      [G5-TEMPORAL] no changes
      [POST-PROC-FILTER] removed from procedure_plan: ['At the end of a period of induction chemotherapy', 'or (2) consolidative chemoradiation', 'either conventionally fractionated therapy with concurrent capecitabine as a radiosensitizer', 'or SB-RT.']
    Imaging_Plan: 4.0s [improved]
      [EXTRACT] raw={
    "imaging_plan": "CT in 3 months after C8 for restaging, monthly CA 19-9"
}
      [G1-FORMAT] ok, keys=['imaging_plan']
      [G2-SCHEMA] ok
      [G3-IMPROVE] imaging_plan: "CT in 3 months after C8 for restaging, monthly CA 19-9" -> "Plan for scans again after C8, monthly CA 19-9"
      [G4-FAITH] no changes (all supported)
      [G5-TEMPORAL] no changes
    Lab_Plan: 4.2s [improved]
      [EXTRACT] raw={
    "lab_plan": "Plan for scans again after C8, monthly CA 19-9. Note that pt's CA 19-9 jumped in the setting of colitis. Improving now."
}
      [G1-FORMAT] ok, keys=['lab_plan']
      [G2-SCHEMA] ok
      [G3-IMPROVE] lab_plan: "Plan for scans again after C8, monthly CA 19-9. Note that pt's CA 19-9 jumped in" -> "Plan for scans again after C8, monthly CA 19-9"
      [G4-FAITH] no changes (all supported)
      [G5-TEMPORAL] no changes
    Genetic_Testing_Plan: 2.8s [improved, faith-trimmed]
      [EXTRACT] raw={
    "genetic_testing_plan": "S/p genetic testing. VUS in RECQL4 c.[REDACTED]>G (p.[REDACTED])"
}
      [G1-FORMAT] ok, keys=['genetic_testing_plan']
      [G2-SCHEMA] ok
      [G3-IMPROVE] genetic_testing_plan: "S/p genetic testing. VUS in RECQL4 c.[REDACTED]>G (p.[REDACTED])" -> "None planned."
      [G4-FAITH] genetic_testing_plan: "None planned." -> ""
      [G4-FAITH] EMPTIED: ['genetic_testing_plan']
      [G4-PROTECT] genetic_testing_plan: restored safe negative "None planned."
    follow_up_next_visit: 2.2s
      [EXTRACT] raw={
    "Next clinic visit": "in-person: 2 weeks"
}
      [G1-FORMAT] ok, keys=['Next clinic visit']
      [G2-SCHEMA] ok
      [G3-IMPROVE] no changes
      [G4-FAITH] no changes (all supported)
    Advance_care_planning: 1.3s [faith-trimmed]
      [EXTRACT] raw={
    "Advance care": "Not discussed during this visit."
}
      [G1-FORMAT] ok, keys=['Advance care']
      [G2-SCHEMA] ok
      [G3-IMPROVE] skipped (all fields empty/negative)
      [G4-FAITH] Advance care: "Not discussed during this visit." -> ""
      [G4-FAITH] EMPTIED: ['Advance care']
      [G4-PROTECT] Advance care: restored safe negative "Not discussed during this visit."
  Plan extraction prompts: 68.9s
    Referral: 6.5s [faith-trimmed]
      [EXTRACT] raw={
"Nutrition": "None",
"Genetics": "None",
"Specialty": "Consult with Dr. [REDACTED] regarding surgical prospects",
"Others": "Recommended diagnostic mammogram",
"follow up": "Follow Up: 2w"
}
      [G1-FORMAT] ok, keys=['Nutrition', 'Genetics', 'Specialty', 'Others', 'follow up']
      [G2-SCHEMA] ok
      [G3-IMPROVE] no changes
      [G4-FAITH] Nutrition: "None" -> ""
      [G4-FAITH] Genetics: "None" -> "VUS in RECQL4 c.[REDACTED]>G (p.[REDACTED])"
      [G4-FAITH] EMPTIED: ['Nutrition']
      [G4-PROTECT] Nutrition: restored safe negative "None"
  Referral extraction (full note): 6.5s
    Genetic_Testing_Results: 4.1s
      [EXTRACT] raw={
    "genetic_testing_results": "VUS in RECQL4 c.[REDACTED]>G (p.[REDACTED])"
}
      [G1-FORMAT] ok, keys=['genetic_testing_results']
      [G2-SCHEMA] ok
      [G3-IMPROVE] no changes
      [G4-FAITH] no changes (all supported)
  Genetic_Testing_Results (full note): 4.1s
    [POST-GENETICS] cleared completed test result: 'VUS in RECQL4 c.[REDACTED]>G (p.[REDACTED])'
    [POST-OTHERS] cleaned: 'Recommended diagnostic mammogram...' → 'None'
    [POST-THERAPY] removed non-therapy: ['Growth factor support with Fulphila is omitted giv']
    [POST-THERAPY-SUPPORTIVE] Added supportive items: ['potassium']
    [POST-IMAGING] found in note: Mammogram
    [POST-PROCEDURE-ENDO] captured endoscopic/biliary procedure: 'EUS'
    [POST-PLAN-TEMPORAL] imaging clause cleanup: 'Plan for scans again after C8, monthly C' → 'Plan for scans again after C8. monthly C'
    [POST-PROCEDURE-FILTER] removed non-procedure items: ['could consider either (1) readdressing her surgica']
    [POST-PLAN-GARBAGE-CLEAN] Procedure_Plan resectability prose → 'No procedures planned.'
    [POST-RESPONSE-COMPRESS] 555→223 chars (dropped plan/verbose)
    [POST-MEDS-IV-CHECK] Added from A/P: folfox, folfirinox
  [ATTRIBUTION] 22/25 fields sourced (15.1s)
  Row 9 total: 168.0s
  Row 9 saved to progress

Processing row 10 (11/20)...
  Trying regex extraction...
  Regex matched: 'Impression and Recommendations:'
  Regex extraction succeeded (3743 chars)
  A/P extraction: 0.0s
    Reason_for_Visit: 8.1s
      [EXTRACT] raw={
"Patient type": "New patient",
"second opinion": "yes",
"in-person": "Televisit",
"summary": "Mr. [REDACTED] is a 52 y.o. male with newly diagnosed metastatic pancreatic cancer. He presents today fo
      [G1-FORMAT] ok, keys=['Patient type', 'second opinion', 'in-person', 'summary']
      [G2-SCHEMA] ok
      [G3-IMPROVE] no changes
      [G4-FAITH] no changes (all supported)
    Cancer_Diagnosis: 7.8s
      [EXTRACT] raw={
"Type_of_Cancer": "Pancreatic cancer, metastasized to liver",
"Stage_of_Cancer": "Stage IV (cT2, cN1, cM1)",
"Distant Metastasis": "Yes, to liver",
"Metastasis": "Yes — confirmed regional nodes; dis
      [G1-FORMAT] ok, keys=['Type_of_Cancer', 'Stage_of_Cancer', 'Distant Metastasis', 'Metastasis']
      [G2-SCHEMA] ok
      [G3-IMPROVE] no changes
      [G4-FAITH] no changes (all supported)
    Lab_Results: 8.6s
      [EXTRACT] raw={
"lab_summary": "Na 130, K 3.8, Cl 92, Cr 0.92, AST 28, ALT 29, Tbili 1.0, Alk phos 67, WBC 8.8, Hgb 14.4, Plt 286, CA 19-9: 13737"
}
      [G1-FORMAT] ok, keys=['lab_summary']
      [G2-SCHEMA] ok
      [G3-IMPROVE] no changes
      [G4-FAITH] no changes (all supported)
    Clinical_Findings: 16.0s [faith-trimmed]
      [EXTRACT] raw={
"findings": "Pancreatic neck mass measuring 2.8x4.2 cm with associated upstream pancreatic atrophy and pancreatic ductal dilatation. The mass encompasses the superior mesenteric vein and main portal
      [G1-FORMAT] ok, keys=['findings']
      [G2-SCHEMA] ok
      [G3-IMPROVE] no changes
      [G4-FAITH] findings: "Pancreatic neck mass measuring 2.8x4.2 cm with associated up" -> "Pancreatic neck mass measuring 2.8x4.2 cm with associated up"
    Current_Medications: 5.6s [faith-trimmed, meds-filtered]
      [EXTRACT] raw={
"current_meds": ""
}
      [G1-FORMAT] ok, keys=['current_meds']
      [G2-SCHEMA] ok
      [G3-IMPROVE] skipped (all fields empty/negative)
      [G4-FAITH] current_meds: "" -> "acetaminophen (TYLENOL) 500 mg tablet Take 1,000 mg by mouth"
      [POST-MEDS] acetaminophen (TYLENOL) 500 mg tablet Take 1,000 mg by mouth daily as needed for Pain, ibuprofen (ADVIL,MOTRIN) 200 mg tablet Take 200 mg by mouth daily as needed for Pain, lipase-protease-amylase 5,000-17,000- 24,000 unit CAPDREC Take 1 capsule by mouth 3 (three) times daily with meals, metFORMIN (GLUCOPHAGE) 500 mg tablet Take  500 mg by mouth daily, ondansetron (ZOFRAN) 8 mg tablet Take 8 mg by mouth every 8 (eight) hours as needed for Nausea, simvastatin (ZOCOR) 40 mg tablet Take 40 mg by mouth daily -> 
    Treatment_Changes: 3.2s [supp-filtered]
      [EXTRACT] raw={
"recent_changes": "",
"supportive_meds": "lipase-protease-amylase, ondansetron"
}
      [G1-FORMAT] ok, keys=['recent_changes', 'supportive_meds']
      [G2-SCHEMA] ok
      [G3-IMPROVE] no changes
      [G4-FAITH] no changes (all supported)
      [POST-SUPP] lipase-protease-amylase, ondansetron -> ondansetron
  Phase 1 extraction (6 prompts): 49.4s
  Cross-context injected (1319 chars)
    Treatment_Goals: 6.9s [improved]
      [EXTRACT] raw={
"goals_of_treatment": "palliative",
"goals_description": "In summary, Mr. [REDACTED] is a 52 y.o. male with newly diagnosed metastatic pancreatic cancer. We discussed the following at today's visit:
      [G1-FORMAT] ok, keys=['goals_of_treatment', 'goals_description']
      [G2-SCHEMA] ok
      [G3-IMPROVE] goals_description: "In summary, Mr. [REDACTED] is a 52 y.o. male with newly diagnosed metastatic pan" -> "with the goal of achieving as deep and durable a remission as possible, hopefull"
      [G4-FAITH] no changes (all supported)
    Response_Assessment: 1.8s [faith-trimmed]
      [EXTRACT] raw={
"response_assessment": "Not yet on treatment — no response to assess."
}
      [G1-FORMAT] ok, keys=['response_assessment']
      [G2-SCHEMA] ok
      [G3-IMPROVE] skipped (all fields empty/negative)
      [G4-FAITH] response_assessment: "Not yet on treatment — no response to assess." -> ""
      [G4-FAITH] EMPTIED: ['response_assessment']
      [G4-PROTECT] response_assessment: restored safe negative "Not yet on treatment — no response to assess."
  Phase 2 extraction (2 prompts): 8.6s
  Total extraction: 58.0s
    Medication_Plan: 7.3s [improved, temporal-cleaned]
      [EXTRACT] raw={
    "medication_plan": "FOLFIRINOX is a reasonable first choice standard of care option. The patient has consented to proceed with screening procedures for the Precision Promise Platform Trial For M
      [G1-FORMAT] ok, keys=['medication_plan']
      [G2-SCHEMA] ok
      [G3-IMPROVE] medication_plan: "FOLFIRINOX is a reasonable first choice standard of care option. The patient has" -> "Specific drugs and dosages are not detailed in the note. The patient has consent"
      [G4-FAITH] no changes (all supported)
      [G5-TEMPORAL] medication_plan: "Specific drugs and dosages are not detailed in the note. The patient has consent" -> "The patient has consented to proceed with screening procedures for the Precision"
    Therapy_plan: 7.4s [temporal-cleaned]
      [EXTRACT] raw={
    "therapy_plan": "The patient will proceed with screening procedures for the Precision Promise Platform Trial For Metastatic Pancreatic Cancer. FOLFIRINOX is noted as a reasonable first choice st
      [G1-FORMAT] ok, keys=['therapy_plan']
      [G2-SCHEMA] ok
      [G3-IMPROVE] no changes
      [G4-FAITH] no changes (all supported)
      [G5-TEMPORAL] therapy_plan: "The patient will proceed with screening procedures for the Precision Promise Pla" -> "The patient will proceed with screening procedures for the Precision Promise Pla"
    radiotherapy_plan: 1.2s [faith-trimmed]
      [EXTRACT] raw={
    "radiotherapy_plan": "None"
}
      [G1-FORMAT] ok, keys=['radiotherapy_plan']
      [G2-SCHEMA] ok
      [G3-IMPROVE] skipped (all fields empty/negative)
      [G4-FAITH] radiotherapy_plan: "None" -> ""
      [G4-FAITH] EMPTIED: ['radiotherapy_plan']
      [G4-PROTECT] radiotherapy_plan: restored safe negative "None"
      [G5-TEMPORAL] skipped (all fields empty/negative)
    Procedure_Plan: 3.5s
      [EXTRACT] raw={
    "procedure_plan": "will get CT AP and labs locally at [REDACTED] today"
}
      [G1-FORMAT] ok, keys=['procedure_plan']
      [G2-SCHEMA] ok
      [G3-IMPROVE] no changes
      [G4-FAITH] no changes (all supported)
      [G5-TEMPORAL] no changes
      [POST-PROC-FILTER] removed from procedure_plan: ['will get CT AP and labs locally at [REDACTED] today']
    Imaging_Plan: 3.6s
      [EXTRACT] raw={
    "imaging_plan": "will get CT AP and labs locally at [REDACTED] today"
}
      [G1-FORMAT] ok, keys=['imaging_plan']
      [G2-SCHEMA] ok
      [G3-IMPROVE] no changes
      [G4-FAITH] no changes (all supported)
      [G5-TEMPORAL] no changes
    Lab_Plan: 3.6s
      [EXTRACT] raw={
    "lab_plan": "Will get CT AP and labs locally at [REDACTED] today"
}
      [G1-FORMAT] ok, keys=['lab_plan']
      [G2-SCHEMA] ok
      [G3-IMPROVE] no changes
      [G4-FAITH] no changes (all supported)
      [G5-TEMPORAL] no changes
    Genetic_Testing_Plan: 1.4s [faith-trimmed]
      [EXTRACT] raw={
    "genetic_testing_plan": "None planned."
}
      [G1-FORMAT] ok, keys=['genetic_testing_plan']
      [G2-SCHEMA] ok
      [G3-IMPROVE] skipped (all fields empty/negative)
      [G4-FAITH] genetic_testing_plan: "None planned." -> ""
      [G4-FAITH] EMPTIED: ['genetic_testing_plan']
      [G4-PROTECT] genetic_testing_plan: restored safe negative "None planned."
    follow_up_next_visit: 1.2s [faith-trimmed]
      [EXTRACT] raw={
    "Next clinic visit": "not mentioned"
}
      [G1-FORMAT] ok, keys=['Next clinic visit']
      [G2-SCHEMA] ok
      [G3-IMPROVE] skipped (all fields empty/negative)
      [G4-FAITH] Next clinic visit: "not mentioned" -> ""
      [G4-FAITH] EMPTIED: ['Next clinic visit']
      [G4-PROTECT] Next clinic visit: restored safe negative "not mentioned"
    Advance_care_planning: 1.2s [faith-trimmed]
      [EXTRACT] raw={
    "Advance care": "Not discussed during this visit."
}
      [G1-FORMAT] ok, keys=['Advance care']
      [G2-SCHEMA] ok
      [G3-IMPROVE] skipped (all fields empty/negative)
      [G4-FAITH] Advance care: "Not discussed during this visit." -> ""
      [G4-FAITH] EMPTIED: ['Advance care']
      [G4-PROTECT] Advance care: restored safe negative "Not discussed during this visit."
  Plan extraction prompts: 30.4s
    Referral: 8.1s [faith-trimmed]
      [EXTRACT] raw={
"Nutrition": "None",
"Genetics": "Has appt with genetics at [REDACTED] tomorrow.",
"Specialty": "Referred by Dr. [REDACTED] to UCSF for consideration of Precision Promise trial vs consideration of m
      [G1-FORMAT] ok, keys=['Nutrition', 'Genetics', 'Specialty', 'Others', 'follow up']
      [G2-SCHEMA] ok
      [G3-IMPROVE] no changes
      [G4-FAITH] Nutrition: "None" -> ""
      [G4-FAITH] Others: "None" -> ""
      [G4-FAITH] EMPTIED: ['Nutrition', 'Others']
      [G4-PROTECT] Nutrition: restored safe negative "None"
      [G4-PROTECT] Others: restored safe negative "None"
  Referral extraction (full note): 8.1s
    Genetic_Testing_Results: 3.2s [improved, faith-trimmed]
      [EXTRACT] raw={
    "genetic_testing_results": "BRCA2 mutation found in brother (not patient). Strata pending."
}
      [G1-FORMAT] ok, keys=['genetic_testing_results']
      [G2-SCHEMA] ok
      [G3-IMPROVE] genetic_testing_results: "BRCA2 mutation found in brother (not patient). Strata pending." -> "No genetic testing results in note for the patient. BRCA2 mutation found in brot"
      [G4-FAITH] genetic_testing_results: "No genetic testing results in note for the patient. BRCA2 mu" -> "BRCA2 mutation found in brother. Strata pending."
  Genetic_Testing_Results (full note): 3.2s
    [POST-PATIENT-TYPE-ONGOING] mid-regimen at clinic → 'Follow up' (was New patient)
    [POST-PATIENT-TYPE-NEW] explicit this-visit new-patient framing → 'New patient' (was Follow up)
    [POST-THERAPY] removed non-therapy: ['The patient will proceed with screening procedures']
    [POST-MEDICATION-SUPPLEMENT] Added missing meds: ['gemcitabine', 'nab-paclitaxel']
    [POST-GENETIC-PENDING] captured assay: 'Strata pending  03/28/21: CT Chest: a 3' (results pending)
    [POST-PLAN-GARBAGE-CLEAN] Genetic_Testing_Plan → 'STRATA molecular testing (results pending)'
    [POST-METASTATIC-UPGRADE] confirmed current M1 evidence → Stage IV + distant met Yes (stage was 'Stage IV (cT2, cN1, cM1)')
    [POST-RESPONSE-TREATMENT] Corrected 'Not yet on treatment' → on treatment
    [POST-RESPONSE-PRETREATMENT] Corrected 'On treatment' → Not yet on treatment (consultation/just-prescribed, no started-treatment signal)
    [POST-SUPP-SUPPLEMENT] recovered supportive meds: ['Pancreatic enzyme replacement']
  [ATTRIBUTION] 18/24 fields sourced (14.4s)
  Row 10 total: 114.1s
  Row 10 saved to progress

Processing row 11 (12/20)...
  Injected 2 term definitions: ['palliative care', 'stable disease']
  Trying regex extraction...
  Regex matched: 'ASSESSMENT & PLAN'
  Regex extraction succeeded (3420 chars)
  A/P extraction: 0.0s
    Reason_for_Visit: 11.8s [faith-trimmed]
      [EXTRACT] raw={
"Patient type": "follow up",
"second opinion": "no",
"in-person": "in-person",
"summary": "Pancreatic adenocarcinoma with concern for metastatic disease. Purpose of this visit is a follow-up to asse
      [G1-FORMAT] ok, keys=['Patient type', 'second opinion', 'in-person', 'summary']
      [G2-SCHEMA] ok
      [G3-IMPROVE] no changes
      [G4-FAITH] second opinion: "no" -> ""
      [G4-FAITH] EMPTIED: ['second opinion']
      [G4-REVERT-INFER] second opinion: restored classification/inference "no"
    Cancer_Diagnosis: 8.1s
      [EXTRACT] raw={
"Type_of_Cancer": "Pancreatic adenocarcinoma",
"Stage_of_Cancer": "Metastatic (Stage IV)",
"Distant Metastasis": "Yes, to liver, peritoneum/omentum",
"Metastasis": "Yes — confirmed regional nodes; d
      [G1-FORMAT] ok, keys=['Type_of_Cancer', 'Stage_of_Cancer', 'Distant Metastasis', 'Metastasis']
      [G2-SCHEMA] ok
      [G3-IMPROVE] no changes
      [G4-FAITH] no changes (all supported)
    Lab_Results: 53.7s
      [EXTRACT] raw={
"lab_summary": "WBC Count 9.6, RBC Count 3.09 (L), Hemoglobin 9.6 (L), Hematocrit 28.5 (L), MCV 92, MCH 31.1, MCHC 33.7, Platelet Count 172, Neutrophil Absolute Count 8.55 (H), Lymphocyte Abs Cnt 0.
      [G1-FORMAT] repair FAILED, raw={
"lab_summary": "WBC Count 9.6, RBC Count 3.09 (L), Hemoglobin 9.6 (L), Hematocrit 28.5 (L), MCV 92, MCH 31.1, MCHC 33.7, Platelet Count 172, Neutrop
    Clinical_Findings: 33.9s [improved, faith-trimmed]
      [EXTRACT] raw={
"findings": "Patient has a 7.5x3.5x3.7cm mass in the tail of the pancreas with thrombosis of the splenic vein and marked narrowing and encasement of the splenic artery. The mass abuts the superior m
      [G1-FORMAT] ok, keys=['findings']
      [G2-SCHEMA] ok
      [G3-IMPROVE] findings: "Patient has a 7.5x3.5x3.7cm mass in the tail of the pancreas with thrombosis of " -> "Patient has a 7.5x3.5x3.7cm mass in the tail of the pancreas with thrombosis of "
      [G4-FAITH] findings: "Patient has a 7.5x3.5x3.7cm mass in the tail of the pancreas" -> "Patient has a 7.5x3.5x3.7cm mass in the tail of the pancreas"
    Current_Medications: 1.6s
      [EXTRACT] raw={
"current_meds": ""
}
      [G1-FORMAT] ok, keys=['current_meds']
      [G2-SCHEMA] ok
      [G3-IMPROVE] skipped (all fields empty/negative)
      [G4-FAITH] no changes (all supported)
    Treatment_Changes: 10.8s [improved]
      [EXTRACT] raw={
"recent_changes": "Treatment holiday began on 05/28/2016. Progression noted while on chemotherapy holiday, with new partial bowel obstruction and peritoneal carcinomatosis. Chemotherapy considered u
      [G1-FORMAT] ok, keys=['recent_changes', 'supportive_meds']
      [G2-SCHEMA] ok
      [G3-IMPROVE] supportive_meds: "baclofen (LIORESAL) 5 mg, carvedilol (COREG) 12.5 mg, diltiazem (CARDIZEM CD) 12" -> "ondansetron (ZOFRAN) 4 mg"
      [G4-FAITH] no changes (all supported)
  Phase 1 extraction (6 prompts): 119.7s
  Cross-context injected (2514 chars)
    Treatment_Goals: 4.3s [improved, faith-trimmed]
      [EXTRACT] raw={
"goals_of_treatment": "palliative",
"goals_description": "Given the progression of the disease and the discussion of transitioning the patient to palliative care, the intent of the cancer treatment 
      [G1-FORMAT] ok, keys=['goals_of_treatment', 'goals_description']
      [G2-SCHEMA] ok
      [G3-IMPROVE] goals_description: "Given the progression of the disease and the discussion of transitioning the pat" -> "Not explicitly stated."
      [G4-FAITH] goals_description: "Not explicitly stated." -> ""
      [G4-FAITH] EMPTIED: ['goals_description']
    Response_Assessment: 24.6s [improved]
      [EXTRACT] raw={
"response_assessment": "The patient is currently not on active treatment, having begun a treatment holiday on 05/28/2016. Progression was noted while on chemotherapy holiday, with new partial bowel 
      [G1-FORMAT] ok, keys=['response_assessment']
      [G2-SCHEMA] ok
      [G3-IMPROVE] response_assessment: "The patient is currently not on active treatment, having begun a treatment holid" -> "The patient is currently not on active treatment, having begun a treatment holid"
      [G4-FAITH] no changes (all supported)
  Phase 2 extraction (2 prompts): 29.0s
  Total extraction: 148.7s
    Medication_Plan: 3.5s [faith-trimmed, temporal-cleaned]
      [EXTRACT] raw={
    "medication_plan": "Hold chemotherapy (patient requests a chemo break)."
}
      [G1-FORMAT] ok, keys=['medication_plan']
      [G2-SCHEMA] ok
      [G3-IMPROVE] no changes
      [G4-FAITH] medication_plan: "Hold chemotherapy (patient requests a chemo break)." -> ""
      [G4-FAITH] EMPTIED: ['medication_plan']
      [G4-REVERT] medication_plan: reverted (G4 emptied all fields)
      [G5-TEMPORAL] medication_plan: "Hold chemotherapy (patient requests a chemo break)." -> "None"
    Therapy_plan: 6.8s [temporal-cleaned]
      [EXTRACT] raw={
    "therapy_plan": "Given the findings, chemotherapy will likely do more harm than good. The next best step is palliative care. There is a slight possibility of resuming systemic therapy if his obs
      [G1-FORMAT] ok, keys=['therapy_plan']
      [G2-SCHEMA] ok
      [G3-IMPROVE] no changes
      [G4-FAITH] no changes (all supported)
      [G5-TEMPORAL] therapy_plan: "Given the findings, chemotherapy will likely do more harm than good. The next be" -> "The next best step is palliative care. There is a slight possibility of resuming"
    radiotherapy_plan: 1.3s [faith-trimmed]
      [EXTRACT] raw={
    "radiotherapy_plan": "None"
}
      [G1-FORMAT] ok, keys=['radiotherapy_plan']
      [G2-SCHEMA] ok
      [G3-IMPROVE] skipped (all fields empty/negative)
      [G4-FAITH] radiotherapy_plan: "None" -> ""
      [G4-FAITH] EMPTIED: ['radiotherapy_plan']
      [G4-PROTECT] radiotherapy_plan: restored safe negative "None"
      [G5-TEMPORAL] skipped (all fields empty/negative)
    Procedure_Plan: 5.2s [improved]
      [EXTRACT] raw={
    "procedure_plan": "Follow up on full report of Xray imaging to the small bowel to determine his ability to undergo additional stent placement. Anticipate the need to transition the patient to ho
      [G1-FORMAT] ok, keys=['procedure_plan']
      [G2-SCHEMA] ok
      [G3-IMPROVE] procedure_plan: "Follow up on full report of Xray imaging to the small bowel to determine his abi" -> "Follow up on full report of Xray imaging to the small bowel to determine his abi"
      [G4-FAITH] no changes (all supported)
      [G5-TEMPORAL] no changes
      [POST-PROC-FILTER] removed from procedure_plan: ['Follow up on full report of Xray imaging to the small bowel to determine his ability to undergo additional stent placement.']
    Imaging_Plan: 4.8s
      [EXTRACT] raw={
    "imaging_plan": "Follow up on full report of Xray imaging to the small bowel to determine his ability to undergo additional stent placement."
}
      [G1-FORMAT] ok, keys=['imaging_plan']
      [G2-SCHEMA] ok
      [G3-IMPROVE] no changes
      [G4-FAITH] no changes (all supported)
      [G5-TEMPORAL] no changes
    Lab_Plan: 3.6s
      [EXTRACT] raw={
    "lab_plan": "Continue to follow his PO, obstruction, Bilirubin and Liver function."
}
      [G1-FORMAT] ok, keys=['lab_plan']
      [G2-SCHEMA] ok
      [G3-IMPROVE] no changes
      [G4-FAITH] no changes (all supported)
      [G5-TEMPORAL] no changes
    Genetic_Testing_Plan: 1.4s [faith-trimmed]
      [EXTRACT] raw={
    "genetic_testing_plan": "None planned."
}
      [G1-FORMAT] ok, keys=['genetic_testing_plan']
      [G2-SCHEMA] ok
      [G3-IMPROVE] skipped (all fields empty/negative)
      [G4-FAITH] genetic_testing_plan: "None planned." -> ""
      [G4-FAITH] EMPTIED: ['genetic_testing_plan']
      [G4-PROTECT] genetic_testing_plan: restored safe negative "None planned."
    follow_up_next_visit: 2.6s [faith-trimmed]
      [EXTRACT] raw={
    "Next clinic visit": "telehealth: follow up with the patient on the phone directly"
}
      [G1-FORMAT] ok, keys=['Next clinic visit']
      [G2-SCHEMA] ok
      [G3-IMPROVE] no changes
      [G4-FAITH] Next clinic visit: "telehealth: follow up with the patient on the phone directly" -> "follow up with the patient on the phone directly"
    Advance_care_planning: 1.4s [faith-trimmed]
      [EXTRACT] raw={
    "Advance care": "Not discussed during this visit."
}
      [G1-FORMAT] ok, keys=['Advance care']
      [G2-SCHEMA] ok
      [G3-IMPROVE] skipped (all fields empty/negative)
      [G4-FAITH] Advance care: "Not discussed during this visit." -> ""
      [G4-FAITH] EMPTIED: ['Advance care']
      [G4-PROTECT] Advance care: restored safe negative "Not discussed during this visit."
  Plan extraction prompts: 30.6s
    Referral: 8.2s [improved, faith-trimmed]
      [EXTRACT] raw={
"Nutrition": "None",
"Genetics": "None",
"Specialty": "Consult with hepatobiliary for EGD with 5 overlapping stents placed across the malignant duodenal obstruction. Palliative care discussed due to
      [G1-FORMAT] ok, keys=['Nutrition', 'Genetics', 'Specialty', 'Others', 'follow up']
      [G2-SCHEMA] ok
      [G3-IMPROVE] Specialty: "Consult with hepatobiliary for EGD with 5 overlapping stents placed across the m" -> "Palliative care discussed due to disease progression and symptoms."
      [G4-FAITH] Nutrition: "None" -> ""
      [G4-FAITH] Others: "None" -> ""
      [G4-FAITH] Genetics: "None" -> ""
      [G4-FAITH] EMPTIED: ['Nutrition', 'Others', 'Genetics']
      [G4-PROTECT] Nutrition: restored safe negative "None"
      [G4-PROTECT] Others: restored safe negative "None"
      [G4-PROTECT] Genetics: restored safe negative "None"
  Referral extraction (full note): 8.2s
    Genetic_Testing_Results: 2.7s [faith-trimmed]
      [EXTRACT] raw={
    "genetic_testing_results": "No genetic testing results in note."
}
      [G1-FORMAT] ok, keys=['genetic_testing_results']
      [G2-SCHEMA] ok
      [G3-IMPROVE] no changes
      [G4-FAITH] genetic_testing_results: "No genetic testing results in note." -> ""
      [G4-FAITH] EMPTIED: ['genetic_testing_results']
      [G4-REVERT] genetic_testing_results: reverted (G4 emptied all fields)
  Genetic_Testing_Results (full note): 2.7s
    [POST-THERAPY] cleared (no oncology drugs found): The next best step is palliative care. There is a slight possibility of resuming
    [POST-THERAPY-SUPPLEMENT] Found therapy in A/P: ['ipilimumab']
    [POST-PLAN-REJECTED-DRUG] removed disfavored/declined from therapy_plan: ['ipilimumab']
    [POST-PLAN-TEMPORAL] imaging clause cleanup: 'Follow up on full report of Xray imaging' → 'Follow up on full report of Xray imaging'
    [POST-ADV] patched from full note: ['Discussed transition to hospice / goals of care']
    [POST-METASTATIC-UPGRADE] confirmed current M1 evidence → Stage IV + distant met Yes (stage was 'Metastatic (Stage IV)')
    [POST-RESPONSE-COMPRESS] 1389→226 chars (dropped plan/verbose)
    [POST-RESPONSE-FINAL] empty final meds plus held/completed treatment: 'Progression was noted while on chemotherapy holiday, with new partial bowel obst' → 'He completed C12 of mFOLFIRINOX on 05/16/2016 and the restaging scans from his last visit revealed s'
  [ATTRIBUTION] 18/20 fields sourced (12.2s)
  Row 11 total: 202.5s
  Row 11 saved to progress

Processing row 12 (13/20)...
  Injected 1 term definitions: ['stable disease']
  Trying regex extraction...
  Regex matched: 'Assessment/Plan'
  Regex extraction succeeded (11351 chars)
  A/P extraction: 0.0s
    Reason_for_Visit: 10.1s [faith-trimmed]
      [EXTRACT] raw={
"Patient type": "follow up",
"second opinion": "no",
"in-person": "Televisit",
"summary": "Patient is a 78-year-old male with locally advanced pancreatic adenocarcinoma. The purpose of this visit is
      [G1-FORMAT] ok, keys=['Patient type', 'second opinion', 'in-person', 'summary']
      [G2-SCHEMA] ok
      [G3-IMPROVE] no changes
      [G4-FAITH] second opinion: "no" -> ""
      [G4-FAITH] EMPTIED: ['second opinion']
      [G4-REVERT-INFER] second opinion: restored classification/inference "no"
    Cancer_Diagnosis: 7.3s [faith-trimmed]
      [EXTRACT] raw={
"Type_of_Cancer": "Pancreatic adenocarcinoma",
"Stage_of_Cancer": "Locally advanced (unresectable)",
"Distant Metastasis": "No",
"Metastasis": "Yes — confirmed regional nodes; distant disease uncert
      [G1-FORMAT] ok, keys=['Type_of_Cancer', 'Stage_of_Cancer', 'Distant Metastasis', 'Metastasis']
      [G2-SCHEMA] ok
      [G3-IMPROVE] no changes
      [G4-FAITH] Distant Metastasis: "No" -> ""
      [G4-FAITH] Metastasis: "Yes — confirmed regional nodes; distant disease uncertain — " -> "Yes — confirmed regional nodes"
      [G4-FAITH] EMPTIED: ['Distant Metastasis']
      [G4-REVERT-INFER] Distant Metastasis: restored classification/inference "No"
    Lab_Results: 9.1s [improved]
      [EXTRACT] raw={
"lab_summary": "WBC Count 8.3, Abs Neutrophils 3.18, Hemoglobin 9.7 (L), Hematocrit 30.8 (L), Platelet Count 241, Creatinine 0.73, Bilirubin, Total 0.3, Alkaline Phosphatase 80, AST 18, Alanine tran
      [G1-FORMAT] ok, keys=['lab_summary']
      [G2-SCHEMA] ok
      [G3-IMPROVE] lab_summary: "WBC Count 8.3, Abs Neutrophils 3.18, Hemoglobin 9.7 (L), Hematocrit 30.8 (L), Pl" -> "WBC Count 8.3, Abs Neutrophils 3.18, Hemoglobin 9.7 (L), Hematocrit 30.8 (L), Pl"
      [G4-FAITH] no changes (all supported)
    Clinical_Findings: 18.7s
      [EXTRACT] raw={
"findings": "Similar size of pancreatic mass centered in the uncinate process and invading the duodenum. Similar peripancreatic lymph nodes. Interval placement of gastrojejunal stent. No findings of
      [G1-FORMAT] ok, keys=['findings']
      [G2-SCHEMA] ok
      [G3-IMPROVE] no changes
      [G4-FAITH] no changes (all supported)
    Current_Medications: 5.8s [improved, faith-trimmed, meds-filtered]
      [EXTRACT] raw={
"current_meds": "capecitabine"
}
      [G1-FORMAT] ok, keys=['current_meds']
      [G2-SCHEMA] ok
      [G3-IMPROVE] current_meds: "capecitabine" -> ""
      [G4-FAITH] current_meds: "" -> "["acetaminophen", "bisacodyl", "budesonide-glycopyr-formoter"
      [POST-MEDS] ["acetaminophen", "bisacodyl", "budesonide-glycopyr-formoterol", "calcium carbonate-vitamin D", "CALCIUM CITRATE", "capecitabine", "CREON", "denosumab", "dronabinol", "famotidine", "GLIMEPIRIDE", "lipase-protease-amylase", "melatonin", "mirtazapine", "multivitamin", "ondansetron", "pantoprazole", "polyethylene glycol", "prochlorperazine", "senna", "sucralfate"] -> "capecitabine", "CREON", "denosumab"
    Treatment_Changes: 4.3s [supp-filtered]
      [EXTRACT] raw={
"recent_changes": "",
"supportive_meds": "ondansetron (ZOFRAN), pantoprazole (PROTONIX), CREON"
}
      [G1-FORMAT] ok, keys=['recent_changes', 'supportive_meds']
      [G2-SCHEMA] ok
      [G3-IMPROVE] no changes
      [G4-FAITH] no changes (all supported)
      [POST-SUPP] ondansetron (ZOFRAN), pantoprazole (PROTONIX), CREON -> ondansetron (ZOFRAN)
  Phase 1 extraction (6 prompts): 55.3s
  Cross-context injected (1403 chars)
    Treatment_Goals: 3.5s [faith-trimmed]
      [EXTRACT] raw={
"goals_of_treatment": "palliative",
"goals_description": "Not explicitly stated."
}
      [G1-FORMAT] ok, keys=['goals_of_treatment', 'goals_description']
      [G2-SCHEMA] ok
      [G3-IMPROVE] no changes
      [G4-FAITH] goals_of_treatment: "palliative" -> ""
      [G4-FAITH] goals_description: "Not explicitly stated." -> ""
      [G4-FAITH] EMPTIED: ['goals_of_treatment', 'goals_description']
      [G4-REVERT] goals_of_treatment: reverted (G4 emptied all fields)
      [G4-REVERT] goals_description: reverted (G4 emptied all fields)
    Response_Assessment: 18.3s
      [EXTRACT] raw={
"response_assessment": "Stable disease based on imaging. Similar size of pancreatic mass centered in the uncinate process and invading the duodenum. Similar peripancreatic lymph nodes. No findings o
      [G1-FORMAT] ok, keys=['response_assessment']
      [G2-SCHEMA] ok
      [G3-IMPROVE] no changes
      [G4-FAITH] no changes (all supported)
  Phase 2 extraction (2 prompts): 21.8s
  Total extraction: 77.1s
    Medication_Plan: 6.3s [improved]
      [EXTRACT] raw={
    "medication_plan": "Hold systemic therapy (patient requests a chemo break); Continue Norco PRN for pain; Continue Remeron and melatonin for insomnia."
}
      [G1-FORMAT] ok, keys=['medication_plan']
      [G2-SCHEMA] ok
      [G3-IMPROVE] medication_plan: "Hold systemic therapy (patient requests a chemo break); Continue Norco PRN for p" -> "Continue Norco PRN for pain; Continue Remeron and melatonin for insomnia."
      [G4-FAITH] no changes (all supported)
      [G5-TEMPORAL] no changes
    Therapy_plan: 4.6s
      [EXTRACT] raw={
    "therapy_plan": "We will consider XRT at this time. We will pause systemic therapy and consider radiation again per patient preference."
}
      [G1-FORMAT] ok, keys=['therapy_plan']
      [G2-SCHEMA] ok
      [G3-IMPROVE] no changes
      [G4-FAITH] no changes (all supported)
      [G5-TEMPORAL] no changes
    radiotherapy_plan: 4.6s
      [EXTRACT] raw={
    "radiotherapy_plan": "We will consider XRT at this time. We will pause systemic therapy and consider radiation again per patient preference."
}
      [G1-FORMAT] ok, keys=['radiotherapy_plan']
      [G2-SCHEMA] ok
      [G3-IMPROVE] no changes
      [G4-FAITH] no changes (all supported)
      [G5-TEMPORAL] no changes
    Procedure_Plan: 4.7s [improved]
      [EXTRACT] raw={
    "procedure_plan": "We will consider XRT at this time. we will pause systemic therapy and consider radiation again per patient preference."
}
      [G1-FORMAT] ok, keys=['procedure_plan']
      [G2-SCHEMA] ok
      [G3-IMPROVE] procedure_plan: "We will consider XRT at this time. we will pause systemic therapy and consider r" -> "We will consider XRT at this time. We will pause systemic therapy and consider r"
      [G4-FAITH] no changes (all supported)
      [G5-TEMPORAL] no changes
      [POST-PROC-FILTER] removed from procedure_plan: ['We will consider XRT at this time. We will pause systemic therapy and consider radiation again per patient preference.']
    Imaging_Plan: 1.5s [faith-trimmed]
      [EXTRACT] raw={
    "imaging_plan": "No imaging planned."
}
      [G1-FORMAT] ok, keys=['imaging_plan']
      [G2-SCHEMA] ok
      [G3-IMPROVE] skipped (all fields empty/negative)
      [G4-FAITH] imaging_plan: "No imaging planned." -> ""
      [G4-FAITH] EMPTIED: ['imaging_plan']
      [G4-PROTECT] imaging_plan: restored safe negative "No imaging planned."
      [G5-TEMPORAL] skipped (all fields empty/negative)
    Lab_Plan: 4.6s
      [EXTRACT] raw={
    "lab_plan": "Recommended that he continue to do weekly CBC and transfuse PRBCs PRN for HGB <8.0"
}
      [G1-FORMAT] ok, keys=['lab_plan']
      [G2-SCHEMA] ok
      [G3-IMPROVE] no changes
      [G4-FAITH] no changes (all supported)
      [G5-TEMPORAL] no changes
    Genetic_Testing_Plan: 2.1s [improved, faith-trimmed]
      [EXTRACT] raw={
    "genetic_testing_plan": "Not done"
}
      [G1-FORMAT] ok, keys=['genetic_testing_plan']
      [G2-SCHEMA] ok
      [G3-IMPROVE] genetic_testing_plan: "Not done" -> "None planned"
      [G4-FAITH] genetic_testing_plan: "None planned" -> ""
      [G4-FAITH] EMPTIED: ['genetic_testing_plan']
      [G4-PROTECT] genetic_testing_plan: restored safe negative "None planned"
    follow_up_next_visit: 2.5s [improved]
      [EXTRACT] raw={
    "Next clinic visit": "telehealth: February 17 for follow-up"
}
      [G1-FORMAT] ok, keys=['Next clinic visit']
      [G2-SCHEMA] ok
      [G3-IMPROVE] Next clinic visit: "telehealth: February 17 for follow-up" -> "February 17 for follow-up"
      [G4-FAITH] no changes (all supported)
    Advance_care_planning: 1.4s [faith-trimmed]
      [EXTRACT] raw={
    "Advance care": "Not discussed during this visit."
}
      [G1-FORMAT] ok, keys=['Advance care']
      [G2-SCHEMA] ok
      [G3-IMPROVE] skipped (all fields empty/negative)
      [G4-FAITH] Advance care: "Not discussed during this visit." -> ""
      [G4-FAITH] EMPTIED: ['Advance care']
      [G4-PROTECT] Advance care: restored safe negative "Not discussed during this visit."
  Plan extraction prompts: 32.4s
    Referral: 14.1s [improved, faith-trimmed]
      [EXTRACT] raw={
"Nutrition": "nutrition consultation is needed",
"Genetics": "None",
"Specialty": "Consultation with Dr. [REDACTED], Rad Onc. Dr. [REDACTED] presented case at Pancreas tumor board. Dr [REDACTED] and
      [G1-FORMAT] ok, keys=['Nutrition', 'Genetics', 'Specialty', 'Others', 'follow up']
      [G2-SCHEMA] ok
      [G3-IMPROVE] Specialty: "Consultation with Dr. [REDACTED], Rad Onc. Dr. [REDACTED] presented case at Panc" -> "Consultation with Dr. [REDACTED], Rad Onc. Dr. [REDACTED] presented case at Panc"
      [G4-FAITH] Genetics: "None" -> ""
      [G4-FAITH] EMPTIED: ['Genetics']
      [G4-PROTECT] Genetics: restored safe negative "None"
  Referral extraction (full note): 14.1s
    Genetic_Testing_Results: 3.1s [improved, faith-trimmed]
      [EXTRACT] raw={
    "genetic_testing_results": "UCSF500 molecular testing is in process and will be reported separately. Patient does not express CA-19-9."
}
      [G1-FORMAT] ok, keys=['genetic_testing_results']
      [G2-SCHEMA] ok
      [G3-IMPROVE] genetic_testing_results: "UCSF500 molecular testing is in process and will be reported separately. Patient" -> "No genetic testing results in note."
      [G4-FAITH] genetic_testing_results: "No genetic testing results in note." -> ""
      [G4-FAITH] EMPTIED: ['genetic_testing_results']
      [G4-REVERT] genetic_testing_results: reverted (G4 emptied all fields)
  Genetic_Testing_Results (full note): 3.1s
    [POST-OTHERS] cleaned: 'Followed by ID, Dr. [REDACTED] [REDACTED]. And [REDACTED] Pulm. Dr. [REDACTED] w...' → 'None'
    [POST-IMAGING] found in note: CT Chest
    [POST-GENETIC-PENDING] captured assay: 'UCSF500 molecular testing is in process and will b' (results pending)
    [POST-PLAN-GARBAGE-CLEAN] Genetic_Testing_Plan → 'UCSF500 molecular testing (results pending)'
    [POST-NONSECRETOR] recorded CA 19-9 non-secretor status
    [POST-RESPONSE-COMPRESS] 969→234 chars (dropped plan/verbose)
    [POST-SUPP-SUPPLEMENT] recovered supportive meds: ['Creon (pancreatic enzyme)']
    [POST-MEDS-ENZYME-STRIP] removed pancreatic enzyme from current_meds (→ supportive)
    [POST-MEDS-CROSSCHECK] Removed '"capecitabine"' — not found in medication list or A/P as current
    [POST-MEDS-CROSSCHECK] Removed '"denosumab"' — not found in medication list or A/P as current
  [ATTRIBUTION] 25/25 fields sourced (19.5s)
  Row 12 total: 146.3s
  Row 12 saved to progress

Processing row 13 (14/20)...
  Trying regex extraction...
  Regex matched: 'Impression and Recommendations:'
  Regex extraction succeeded (4143 chars)
  A/P extraction: 0.0s
    Reason_for_Visit: 9.2s [improved, faith-trimmed]
      [EXTRACT] raw={
"Patient type": "New patient",
"second opinion": "no",
"in-person": "Televisit",
"summary": "Ms. [REDACTED] is a 69 y.o. female whom I am seeing as a video visit new patient at the UCSF Comprehensiv
      [G1-FORMAT] ok, keys=['Patient type', 'second opinion', 'in-person', 'summary']
      [G2-SCHEMA] ok
      [G3-IMPROVE] summary: "Ms. [REDACTED] is a 69 y.o. female whom I am seeing as a video visit new patient" -> "Ms. [REDACTED] is a 69 y.o. female with metastatic pancreatic adenocarcinoma, se"
      [G4-FAITH] second opinion: "no" -> ""
      [G4-FAITH] EMPTIED: ['second opinion']
      [G4-REVERT-INFER] second opinion: restored classification/inference "no"
    Cancer_Diagnosis: 7.7s
      [EXTRACT] raw={
"Type_of_Cancer": "Metastatic adenocarcinoma of pancreatic origin",
"Stage_of_Cancer": "Metastatic (Stage IV)",
"Distant Metastasis": "Yes, to liver",
"Metastasis": "Yes — confirmed regional nodes; 
      [G1-FORMAT] ok, keys=['Type_of_Cancer', 'Stage_of_Cancer', 'Distant Metastasis', 'Metastasis']
      [G2-SCHEMA] ok
      [G3-IMPROVE] no changes
      [G4-FAITH] no changes (all supported)
    Lab_Results: 15.2s
      [EXTRACT] raw={
"lab_summary": "WBC Count 10.8 (H), Neutrophil Absolute Count 8.26 (H), Hemoglobin 9.9 (L), Hematocrit 32.4 (L), Platelet Count 315, Creatinine 0.54 (L), Bilirubin, Total 4.5 (H), Alkaline Phosphata
      [G1-FORMAT] ok, keys=['lab_summary']
      [G2-SCHEMA] ok
      [G3-IMPROVE] no changes
      [G4-FAITH] no changes (all supported)
    Clinical_Findings: 28.2s
      [EXTRACT] raw={
"findings": "Increased size of the primary malignancy centered at the pancreaticoduodenal groove, now measuring approximately 4.5 cm x 3.7 cm x 7.5 cm. Increased size and number of hepatic and nodal
      [G1-FORMAT] ok, keys=['findings']
      [G2-SCHEMA] ok
      [G3-IMPROVE] no changes
      [G4-FAITH] no changes (all supported)
    Current_Medications: 5.4s [faith-trimmed, meds-filtered]
      [EXTRACT] raw={
"current_meds": ""
}
      [G1-FORMAT] ok, keys=['current_meds']
      [G2-SCHEMA] ok
      [G3-IMPROVE] skipped (all fields empty/negative)
      [G4-FAITH] current_meds: "" -> "amLODIPine (NORVASC) 5 mg, Oral, Daily Scheduled, atorvastat"
      [POST-MEDS] amLODIPine (NORVASC) 5 mg, Oral, Daily Scheduled, atorvastatin (LIPITOR) 20 mg, Oral, Daily Scheduled, famotidine (PEPCID) 20 mg, Oral, 2 Times Daily PRN, losartan (COZAAR) 50 mg, Oral, Daily Scheduled, metFORMIN (GLUCOPHAGE) 500 mg, Oral, Daily With Breakfast Scheduled, OYSTER SHELL CALCIUM-VIT D3 500 mg(1,250mg) -200 unit tablet 1 tablet, Oral, 2 times daily, polyethylene glycol (MIRALAX) 17 g, Oral, Daily PRN -> 
    Treatment_Changes: 2.7s [supp-filtered]
      [EXTRACT] raw={
"recent_changes": "",
"supportive_meds": "Tylenol for pain relief"
}
      [G1-FORMAT] ok, keys=['recent_changes', 'supportive_meds']
      [G2-SCHEMA] ok
      [G3-IMPROVE] no changes
      [G4-FAITH] no changes (all supported)
      [POST-SUPP] Tylenol for pain relief -> 
  Phase 1 extraction (6 prompts): 68.4s
  Cross-context injected (1782 chars)
    Treatment_Goals: 7.7s
      [EXTRACT] raw={
"goals_of_treatment": "palliative",
"goals_description": "In the setting of stage IV (metastatic) disease, the mainstay of treatment should consist of systemic therapy (chemotherapy) with the goal o
      [G1-FORMAT] ok, keys=['goals_of_treatment', 'goals_description']
      [G2-SCHEMA] ok
      [G3-IMPROVE] no changes
      [G4-FAITH] no changes (all supported)
    Response_Assessment: 2.0s [faith-trimmed]
      [EXTRACT] raw={
"response_assessment": "Not yet on treatment — no response to assess."
}
      [G1-FORMAT] ok, keys=['response_assessment']
      [G2-SCHEMA] ok
      [G3-IMPROVE] skipped (all fields empty/negative)
      [G4-FAITH] response_assessment: "Not yet on treatment — no response to assess." -> ""
      [G4-FAITH] EMPTIED: ['response_assessment']
      [G4-PROTECT] response_assessment: restored safe negative "Not yet on treatment — no response to assess."
  Phase 2 extraction (2 prompts): 9.7s
  Total extraction: 78.1s
    Medication_Plan: 13.1s [temporal-cleaned]
      [EXTRACT] raw={
    "medication_plan": "The patient is planned to start chemotherapy with gemcitabine and nab-paclitaxel. There is a mention of clinical trial options including gemcitabine/nab-paclitaxel plus pamre
      [G1-FORMAT] ok, keys=['medication_plan']
      [G2-SCHEMA] ok
      [G3-IMPROVE] no changes
      [G4-FAITH] no changes (all supported)
      [G5-TEMPORAL] medication_plan: "The patient is planned to start chemotherapy with gemcitabine and nab-paclitaxel" -> "The patient is planned to start chemotherapy with gemcitabine and nab-paclitaxel"
    Therapy_plan: 13.2s
      [EXTRACT] raw={
    "therapy_plan": "The patient will undergo somatic tumor testing through the UCSF500 platform. Standard of care options discussed include FOLFIRINOX or gemcitabine plus nab-paclitaxel. The initia
      [G1-FORMAT] ok, keys=['therapy_plan']
      [G2-SCHEMA] ok
      [G3-IMPROVE] no changes
      [G4-FAITH] no changes (all supported)
      [G5-TEMPORAL] no changes
    radiotherapy_plan: 1.3s [faith-trimmed]
      [EXTRACT] raw={
    "radiotherapy_plan": "None"
}
      [G1-FORMAT] ok, keys=['radiotherapy_plan']
      [G2-SCHEMA] ok
      [G3-IMPROVE] skipped (all fields empty/negative)
      [G4-FAITH] radiotherapy_plan: "None" -> ""
      [G4-FAITH] EMPTIED: ['radiotherapy_plan']
      [G4-PROTECT] radiotherapy_plan: restored safe negative "None"
      [G5-TEMPORAL] skipped (all fields empty/negative)
    Procedure_Plan: 9.7s [improved, temporal-cleaned]
      [EXTRACT] raw={
    "procedure_plan": "Request somatic tumor testing of the patient's tumor specimen through the UCSF500 platform. Precision Promise clinical trial may require fresh tumor tissue collection pre- and
      [G1-FORMAT] ok, keys=['procedure_plan']
      [G2-SCHEMA] ok
      [G3-IMPROVE] procedure_plan: "Request somatic tumor testing of the patient's tumor specimen through the UCSF50" -> "Endobiliary stenting has been performed. Request somatic tumor testing of the pa"
      [G4-FAITH] no changes (all supported)
      [G5-TEMPORAL] procedure_plan: "Endobiliary stenting has been performed. Request somatic tumor testing of the pa" -> "Request somatic tumor testing of the patient's tumor specimen through the UCSF50"
    Imaging_Plan: 1.5s [faith-trimmed]
      [EXTRACT] raw={
    "imaging_plan": "No imaging planned."
}
      [G1-FORMAT] ok, keys=['imaging_plan']
      [G2-SCHEMA] ok
      [G3-IMPROVE] skipped (all fields empty/negative)
      [G4-FAITH] imaging_plan: "No imaging planned." -> ""
      [G4-FAITH] EMPTIED: ['imaging_plan']
      [G4-PROTECT] imaging_plan: restored safe negative "No imaging planned."
      [G5-TEMPORAL] skipped (all fields empty/negative)
    Lab_Plan: 5.1s
      [EXTRACT] raw={
    "lab_plan": "LFTs need to sufficiently normalize before starting chemotherapy. Short-term in-person follow-up arranged for clinical and laboratory assessment, including LFTs."
}
      [G1-FORMAT] ok, keys=['lab_plan']
      [G2-SCHEMA] ok
      [G3-IMPROVE] no changes
      [G4-FAITH] no changes (all supported)
      [G5-TEMPORAL] no changes
    Genetic_Testing_Plan: 4.0s
      [EXTRACT] raw={
    "genetic_testing_plan": "Request somatic tumor testing of the patient's tumor specimen through the UCSF500 platform to assess for actionable mutations or other genetic alterations."
}
      [G1-FORMAT] ok, keys=['genetic_testing_plan']
      [G2-SCHEMA] ok
      [G3-IMPROVE] no changes
      [G4-FAITH] no changes (all supported)
    follow_up_next_visit: 3.4s
      [EXTRACT] raw={
    "Next clinic visit": "in-person: short-term for clinical and laboratory assessment, including normalizing LFTs, to start chemotherapy ASAP"
}
      [G1-FORMAT] ok, keys=['Next clinic visit']
      [G2-SCHEMA] ok
      [G3-IMPROVE] no changes
      [G4-FAITH] no changes (all supported)
    Advance_care_planning: 1.4s [faith-trimmed]
      [EXTRACT] raw={
    "Advance care": "Not discussed during this visit."
}
      [G1-FORMAT] ok, keys=['Advance care']
      [G2-SCHEMA] ok
      [G3-IMPROVE] skipped (all fields empty/negative)
      [G4-FAITH] Advance care: "Not discussed during this visit." -> ""
      [G4-FAITH] EMPTIED: ['Advance care']
      [G4-PROTECT] Advance care: restored safe negative "Not discussed during this visit."
  Plan extraction prompts: 52.7s
    Referral: 6.8s [improved, faith-trimmed]
      [EXTRACT] raw={
"Nutrition": "None",
"Genetics": "None",
"Specialty": "Consultation for her metastatic pancreatic adenocarcinoma at the UCSF Comprehensive Cancer Center. Requested somatic tumor testing of the patie
      [G1-FORMAT] ok, keys=['Nutrition', 'Genetics', 'Specialty', 'Others', 'follow up']
      [G2-SCHEMA] ok
      [G3-IMPROVE] Specialty: "Consultation for her metastatic pancreatic adenocarcinoma at the UCSF Comprehens" -> "Consultation for her metastatic pancreatic adenocarcinoma at the UCSF Comprehens"
      [G4-FAITH] Nutrition: "None" -> ""
      [G4-FAITH] Others: "None" -> ""
      [G4-FAITH] Genetics: "None" -> ""
      [G4-FAITH] EMPTIED: ['Nutrition', 'Others', 'Genetics']
      [G4-PROTECT] Nutrition: restored safe negative "None"
      [G4-PROTECT] Others: restored safe negative "None"
      [G4-PROTECT] Genetics: restored safe negative "None"
  Referral extraction (full note): 6.8s
    Genetic_Testing_Results: 2.7s [improved, faith-trimmed]
      [EXTRACT] raw={
    "genetic_testing_results": "Adenocarcinoma (MMR by IHC pending)."
}
      [G1-FORMAT] ok, keys=['genetic_testing_results']
      [G2-SCHEMA] ok
      [G3-IMPROVE] genetic_testing_results: "Adenocarcinoma (MMR by IHC pending)." -> "No genetic testing results in note."
      [G4-FAITH] genetic_testing_results: "No genetic testing results in note." -> ""
      [G4-FAITH] EMPTIED: ['genetic_testing_results']
      [G4-REVERT] genetic_testing_results: reverted (G4 emptied all fields)
  Genetic_Testing_Results (full note): 2.7s
    [POST-THERAPY] removed non-therapy: ['The patient will undergo somatic tumor testing thr']
    [POST-METASTATIC-UPGRADE] confirmed current M1 evidence → Stage IV + distant met Yes (stage was 'Metastatic (Stage IV)')
    [POST-RESPONSE-TREATMENT] Corrected 'Not yet on treatment' → on treatment
    [POST-RESPONSE-PRETREATMENT] Corrected 'On treatment' → Not yet on treatment (consultation/just-prescribed, no started-treatment signal)
    [POST-FINDINGS-PURITY] dropped 1 plan/lab-dump sentence(s) from findings
    [POST-SUPP-HOMEPAIN] added home pain med: Tylenol (home pain control)
  [ATTRIBUTION] 20/23 fields sourced (14.6s)
  Row 13 total: 154.9s
  Row 13 saved to progress

Processing row 14 (15/20)...
  Trying regex extraction...
  Regex failed, falling back to LLM extraction...
  LLM Extraction Attempt 1...
  Running LLM Sanity Check...
  Success on attempt 1 (Verified by LLM, 736 chars)
  A/P extraction: 9.3s
    Reason_for_Visit: 9.1s [faith-trimmed]
      [EXTRACT] raw={
"Patient type": "Follow up",
"second opinion": "no",
"in-person": "in-person",
"summary": "64 y.o. male with resected pancreatic cancer presenting for follow-up evaluation. The patient has a history
      [G1-FORMAT] ok, keys=['Patient type', 'second opinion', 'in-person', 'summary']
      [G2-SCHEMA] ok
      [G3-IMPROVE] no changes
      [G4-FAITH] second opinion: "no" -> ""
      [G4-FAITH] EMPTIED: ['second opinion']
      [G4-REVERT-INFER] second opinion: restored classification/inference "no"
    Cancer_Diagnosis: 8.0s [improved, faith-trimmed]
      [EXTRACT] raw={
"Type_of_Cancer": "Ductal adenocarcinoma of pancreatic head; poorly differentiated; with perineural invasion; adenocarcinoma in ten lymph nodes",
"Stage_of_Cancer": "ypT3N2",
"Distant Metastasis": "
      [G1-FORMAT] ok, keys=['Type_of_Cancer', 'Stage_of_Cancer', 'Distant Metastasis', 'Metastasis']
      [G2-SCHEMA] ok
      [G3-IMPROVE] Type_of_Cancer: "Ductal adenocarcinoma of pancreatic head; poorly differentiated; with perineural" -> "Ductal adenocarcinoma of pancreatic head; poorly differentiated; with perineural"
      [G4-FAITH] Distant Metastasis: "No" -> ""
      [G4-FAITH] EMPTIED: ['Distant Metastasis']
      [G4-REVERT-INFER] Distant Metastasis: restored classification/inference "No"
    Lab_Results: 14.5s [improved]
      [EXTRACT] raw={
"lab_summary": "WBC Count 6.4, Neutrophil Absolute Count 4.43, Hemoglobin 9.5 (L), Hematocrit 29.0 (L), Platelet Count 412, Creatinine 0.67, Sodium, Serum / Plasma 123 (LL), Potassium, Serum / Plasm
      [G1-FORMAT] ok, keys=['lab_summary']
      [G2-SCHEMA] ok
      [G3-IMPROVE] lab_summary: "WBC Count 6.4, Neutrophil Absolute Count 4.43, Hemoglobin 9.5 (L), Hematocrit 29" -> "WBC Count 6.4, Neutrophil Absolute Count 4.43, Hemoglobin  9.5 (L), Hematocrit 2"
      [G4-FAITH] no changes (all supported)
    Clinical_Findings: 26.6s [improved, faith-trimmed]
      [EXTRACT] raw={
"findings": "Patient presents for follow-up of resected pancreatic cancer. Imaging findings include CT scan from 04/15/18 reporting ill-defined stranding in the surgical resection bed, consistent wi
      [G1-FORMAT] ok, keys=['findings']
      [G2-SCHEMA] ok
      [G3-IMPROVE] findings: "Patient presents for follow-up of resected pancreatic cancer. Imaging findings i" -> "Patient presents for follow-up of resected pancreatic cancer. Imaging findings i"
      [G4-FAITH] findings: "Patient presents for follow-up of resected pancreatic cancer" -> "Patient presents for follow-up of resected pancreatic cancer"
    Current_Medications: 4.8s [faith-trimmed, meds-filtered]
      [EXTRACT] raw={
"current_meds": ""
}
      [G1-FORMAT] ok, keys=['current_meds']
      [G2-SCHEMA] ok
      [G3-IMPROVE] skipped (all fields empty/negative)
      [G4-FAITH] current_meds: "" -> "acetaminophen, alpha-D-galactosidase, blood glucose test str"
      [POST-MEDS] acetaminophen, alpha-D-galactosidase, blood glucose test strip, blood-glucose monitoring kit, calcium carbonate, calcium citrate/vitamin D3, cholecalciferol, clotrimazole, empty container, enoxaparin, famotidine, folic acid/multivit-min/lutein, furosemide, glucose, insulin aspart, insulin glargine, insulin syringe-needle, lancets, lipase-protease-amylase, multivitamin complete chewable, pantoprazole, rifAXIMin, rivaroxaban, Saccharomyces boulardii, vancomycin -> 
    Treatment_Changes: 13.4s [supp-filtered]
      [EXTRACT] raw={
"recent_changes": "rivaroxaban (XARELTO) 20 mg tablet Take 20 mg by mouth Daily. On hold by [REDACTED].",
"supportive_meds": "acetaminophen (TYLENOL) 500 mg tablet, clotrimazole 1 mg/mL SUSP suspens
      [G1-FORMAT] ok, keys=['recent_changes', 'supportive_meds']
      [G2-SCHEMA] ok
      [G3-IMPROVE] no changes
      [G4-FAITH] no changes (all supported)
      [POST-SUPP] acetaminophen (TYLENOL) 500 mg tablet, clotrimazole 1 mg/mL SUSP suspension, famotidine (PEPCID) 10 mg tablet, lipase-protease-amylase (CREON) 24,000-76,000 -120,000 unit CAPDREC capsule, pantoprazole (PROTONIX) 40 mg EC tablet, Saccharomyces boulardii (FLORASTOR) 250 mg capsule -> 
  Phase 1 extraction (6 prompts): 76.4s
  Cross-context injected (1691 chars)
    Treatment_Goals: 3.3s [faith-trimmed]
      [EXTRACT] raw={
"goals_of_treatment": "adjuvant",
"goals_description": "Not explicitly stated."
}
      [G1-FORMAT] ok, keys=['goals_of_treatment', 'goals_description']
      [G2-SCHEMA] ok
      [G3-IMPROVE] no changes
      [G4-FAITH] goals_of_treatment: "adjuvant" -> ""
      [G4-FAITH] goals_description: "Not explicitly stated." -> ""
      [G4-FAITH] EMPTIED: ['goals_of_treatment', 'goals_description']
      [G4-REVERT] goals_of_treatment: reverted (G4 emptied all fields)
      [G4-REVERT] goals_description: reverted (G4 emptied all fields)
    Response_Assessment: 15.4s [improved]
      [EXTRACT] raw={
"response_assessment": "The patient has a history of resected pancreatic ductal adenocarcinoma with positive margins and high-risk features. The most recent CA 19-9 level is elevated at 4,375 (H) on
      [G1-FORMAT] ok, keys=['response_assessment']
      [G2-SCHEMA] ok
      [G3-IMPROVE] response_assessment: "The patient has a history of resected pancreatic ductal adenocarcinoma with posi" -> "The patient has a history of resected pancreatic ductal adenocarcinoma with posi"
      [G4-FAITH] no changes (all supported)
  Phase 2 extraction (2 prompts): 18.7s
  Total extraction: 95.1s
    Medication_Plan: 3.0s
      [EXTRACT] raw={
    "medication_plan": "Continue Creon"
}
      [G1-FORMAT] ok, keys=['medication_plan']
      [G2-SCHEMA] ok
      [G3-IMPROVE] no changes
      [G4-FAITH] no changes (all supported)
      [G5-TEMPORAL] no changes
    Therapy_plan: 5.6s
      [EXTRACT] raw={
    "therapy_plan": "Recheck Ca19-9 this week. CT in 2 weeks. Continue creon for nutrition. Refer to new PMD if current health plan allows it."
}
      [G1-FORMAT] ok, keys=['therapy_plan']
      [G2-SCHEMA] ok
      [G3-IMPROVE] no changes
      [G4-FAITH] no changes (all supported)
      [G5-TEMPORAL] no changes
    radiotherapy_plan: 1.3s [faith-trimmed]
      [EXTRACT] raw={
    "radiotherapy_plan": "None"
}
      [G1-FORMAT] ok, keys=['radiotherapy_plan']
      [G2-SCHEMA] ok
      [G3-IMPROVE] skipped (all fields empty/negative)
      [G4-FAITH] radiotherapy_plan: "None" -> ""
      [G4-FAITH] EMPTIED: ['radiotherapy_plan']
      [G4-PROTECT] radiotherapy_plan: restored safe negative "None"
      [G5-TEMPORAL] skipped (all fields empty/negative)
    Procedure_Plan: 1.3s [faith-trimmed]
      [EXTRACT] raw={
    "procedure_plan": "No procedures planned."
}
      [G1-FORMAT] ok, keys=['procedure_plan']
      [G2-SCHEMA] ok
      [G3-IMPROVE] skipped (all fields empty/negative)
      [G4-FAITH] procedure_plan: "No procedures planned." -> ""
      [G4-FAITH] EMPTIED: ['procedure_plan']
      [G4-PROTECT] procedure_plan: restored safe negative "No procedures planned."
      [G5-TEMPORAL] skipped (all fields empty/negative)
    Imaging_Plan: 3.0s
      [EXTRACT] raw={
    "imaging_plan": "CT in 2 weeks"
}
      [G1-FORMAT] ok, keys=['imaging_plan']
      [G2-SCHEMA] ok
      [G3-IMPROVE] no changes
      [G4-FAITH] no changes (all supported)
      [G5-TEMPORAL] no changes
    Lab_Plan: 3.3s
      [EXTRACT] raw={
    "lab_plan": "Recheck Ca19-9 this week."
}
      [G1-FORMAT] ok, keys=['lab_plan']
      [G2-SCHEMA] ok
      [G3-IMPROVE] no changes
      [G4-FAITH] no changes (all supported)
      [G5-TEMPORAL] no changes
    Genetic_Testing_Plan: 1.5s [faith-trimmed]
      [EXTRACT] raw={
    "genetic_testing_plan": "None planned."
}
      [G1-FORMAT] ok, keys=['genetic_testing_plan']
      [G2-SCHEMA] ok
      [G3-IMPROVE] skipped (all fields empty/negative)
      [G4-FAITH] genetic_testing_plan: "None planned." -> ""
      [G4-FAITH] EMPTIED: ['genetic_testing_plan']
      [G4-PROTECT] genetic_testing_plan: restored safe negative "None planned."
    follow_up_next_visit: 3.0s
      [EXTRACT] raw={
    "Next clinic visit": "in-person: CT in 2 weeks, Recheck Ca19-9 this week"
}
      [G1-FORMAT] ok, keys=['Next clinic visit']
      [G2-SCHEMA] ok
      [G3-IMPROVE] no changes
      [G4-FAITH] no changes (all supported)
    Advance_care_planning: 1.3s [faith-trimmed]
      [EXTRACT] raw={
    "Advance care": "Not discussed during this visit."
}
      [G1-FORMAT] ok, keys=['Advance care']
      [G2-SCHEMA] ok
      [G3-IMPROVE] skipped (all fields empty/negative)
      [G4-FAITH] Advance care: "Not discussed during this visit." -> ""
      [G4-FAITH] EMPTIED: ['Advance care']
      [G4-PROTECT] Advance care: restored safe negative "Not discussed during this visit."
  Plan extraction prompts: 23.4s
    Referral: 7.0s [improved, faith-trimmed]
      [EXTRACT] raw={
"Nutrition": "None",
"Genetics": "None",
"Specialty": "Consultation with Dr. [REDACTED] for recommendations on radiotherapy and systemic therapy.",
"Others": "None",
"follow up": "Recheck Ca19-9 thi
      [G1-FORMAT] ok, keys=['Nutrition', 'Genetics', 'Specialty', 'Others', 'follow up']
      [G2-SCHEMA] ok
      [G3-IMPROVE] Nutrition: "None" -> "continue creon"
      [G4-FAITH] Others: "None" -> ""
      [G4-FAITH] Genetics: "None" -> ""
      [G4-FAITH] EMPTIED: ['Others', 'Genetics']
      [G4-PROTECT] Others: restored safe negative "None"
      [G4-PROTECT] Genetics: restored safe negative "None"
  Referral extraction (full note): 7.0s
    Genetic_Testing_Results: 4.9s [improved]
      [EXTRACT] raw={
    "genetic_testing_results": "05/20/18: Ascites cell block interpreted as benign, and negative for KRAS mutations in exons  2, 3 and 4."
}
      [G1-FORMAT] ok, keys=['genetic_testing_results']
      [G2-SCHEMA] ok
      [G3-IMPROVE] genetic_testing_results: "05/20/18: Ascites cell block interpreted as benign, and negative for KRAS mutati" -> "05/20/18: Ascites cell block interpreted as benign, and negative for KRAS mutati"
      [G4-FAITH] no changes (all supported)
  Genetic_Testing_Results (full note): 4.9s
    [POST-NUTRITION] cleared diet advice (not a referral): 'continue creon'
    [POST-THERAPY] removed non-therapy: ['Recheck Ca19-9 this week.', 'CT in 2 weeks.', 'Refer to new PMD if current health plan allows it.']
    [POST-GOALS] adjuvant → curative (non-metastatic)
    [POST-RESPONSE-COMPRESS] 786→254 chars (dropped plan/verbose)
    [POST-GOALS-FINAL] resected + no active tx + monitoring → surveillance (was 'curative')
    [POST-FINDINGS-PURITY] dropped 1 plan/lab-dump sentence(s) from findings
    [POST-SUPP-SUPPLEMENT] recovered supportive meds: ['Creon (pancreatic enzyme)']
  [ATTRIBUTION] 18/22 fields sourced (8.2s)
  Row 14 total: 147.9s
  Row 14 saved to progress

Processing row 15 (16/20)...
  Injected 1 term definitions: ['stable disease']
  Trying regex extraction...
  Regex matched: 'ASSESSMENT & PLAN'
  Regex extraction succeeded (2980 chars)
  A/P extraction: 0.0s
    Reason_for_Visit: 10.7s [faith-trimmed]
      [EXTRACT] raw={
"Patient type": "Follow up",
"second opinion": "no",
"in-person": "in-person",
"summary": "Patient [REDACTED] [REDACTED] is an 86-year-old female with pancreatic adenocarcinoma presenting for follow
      [G1-FORMAT] ok, keys=['Patient type', 'second opinion', 'in-person', 'summary']
      [G2-SCHEMA] ok
      [G3-IMPROVE] no changes
      [G4-FAITH] second opinion: "no" -> ""
      [G4-FAITH] EMPTIED: ['second opinion']
      [G4-REVERT-INFER] second opinion: restored classification/inference "no"
    Cancer_Diagnosis: 7.0s [faith-trimmed]
      [EXTRACT] raw={
"Type_of_Cancer": "Pancreatic adenocarcinoma",
"Stage_of_Cancer": "Stage IIB (cT1c, cN1, cM0)",
"Distant Metastasis": "No",
"Metastasis": "Yes — confirmed regional nodes; distant disease uncertain —
      [G1-FORMAT] ok, keys=['Type_of_Cancer', 'Stage_of_Cancer', 'Distant Metastasis', 'Metastasis']
      [G2-SCHEMA] ok
      [G3-IMPROVE] no changes
      [G4-FAITH] Distant Metastasis: "No" -> ""
      [G4-FAITH] Metastasis: "Yes — confirmed regional nodes; distant disease uncertain — " -> ""
      [G4-FAITH] EMPTIED: ['Distant Metastasis', 'Metastasis']
      [G4-REVERT-INFER] Distant Metastasis: restored classification/inference "No"
      [G4-REVERT-INFER] Metastasis: restored classification/inference "Yes — confirmed regional nodes; distant disease uncertain — "
    Lab_Results: 22.4s [faith-trimmed]
      [EXTRACT] raw={
"lab_summary": "Alkaline Phosphatase 68 U/L, Bilirubin, Total 0.9 mg/dL, Alanine transaminase 20 U/L, Aspartate transaminase 25 U/L, Creatinine 0.46 mg/dL, eGFR if non-African American 90 mL/min, eG
      [G1-FORMAT] ok, keys=['lab_summary']
      [G2-SCHEMA] ok
      [G3-IMPROVE] no changes
      [G4-FAITH] lab_summary: "Alkaline Phosphatase 68 U/L, Bilirubin, Total 0.9 mg/dL, Ala" -> "Alkaline Phosphatase 68 U/L, Bilirubin, Total 0.9 mg/dL, Ala"
    Clinical_Findings: 17.3s [improved, faith-trimmed]
      [EXTRACT] raw={
"findings": "CT abdomen/pelvis with contrast on 05/08/2019 shows slight improvement in pancreatic ductal dilatation, currently measuring 9 mm (previously measuring 12 mm). Ill-defined pancreatic mas
      [G1-FORMAT] ok, keys=['findings']
      [G2-SCHEMA] ok
      [G3-IMPROVE] findings: "CT abdomen/pelvis with contrast on 05/08/2019 shows slight improvement in pancre" -> "CT abdomen/pelvis with contrast on 05/08/2019 shows slight improvement in pancre"
      [G4-FAITH] findings: "CT abdomen/pelvis with contrast on 05/08/2019 shows slight i" -> "CT abdomen/pelvis with contrast on 05/08/2019 shows slight i"
    Current_Medications: 2.4s [faith-trimmed]
      [EXTRACT] raw={
"current_meds": "gemcitabine"
}
      [G1-FORMAT] ok, keys=['current_meds']
      [G2-SCHEMA] ok
      [G3-IMPROVE] no changes
      [G4-FAITH] current_meds: "gemcitabine" -> ""
      [G4-FAITH] EMPTIED: ['current_meds']
      [G4-REVERT] current_meds: reverted (G4 emptied all fields)
    Treatment_Changes: 7.3s [improved, faith-trimmed]
      [EXTRACT] raw={
"recent_changes": "Plan to continue with gemcitabine monotherapy but change to alternating week schedule for better tolerability.",
"supportive_meds": "prochlorperazine (COMPAZINE) 5 mg by mouth eve
      [G1-FORMAT] ok, keys=['recent_changes', 'supportive_meds']
      [G2-SCHEMA] ok
      [G3-IMPROVE] supportive_meds: "prochlorperazine (COMPAZINE) 5 mg by mouth every 6 hours as needed for Nausea, t" -> "prochlorperazine (COMPAZINE) 5 mg by mouth every 6 hours as needed for Nausea, t"
      [G4-FAITH] supportive_meds: "prochlorperazine (COMPAZINE) 5 mg by mouth every 6 hours as " -> "prochlorperazine (COMPAZINE) 5 mg by mouth every 6 hours as "
  Phase 1 extraction (6 prompts): 67.1s
  Cross-context injected (1436 chars)
    Treatment_Goals: 9.7s
      [EXTRACT] raw={
"goals_of_treatment": "palliative",
"goals_description": "Given her age, comorbidities and preference, she is not a candidate for surgical resection. As such, the mainstay of treatment for her would
      [G1-FORMAT] ok, keys=['goals_of_treatment', 'goals_description']
      [G2-SCHEMA] ok
      [G3-IMPROVE] no changes
      [G4-FAITH] no changes (all supported)
    Response_Assessment: 5.8s
      [EXTRACT] raw={
"response_assessment": "The ill-defined pancreatic mass is no longer seen, likely related to treatment. Interval decrease in pancreatic duct dilation. No evidence of metastatic disease. These findin
      [G1-FORMAT] ok, keys=['response_assessment']
      [G2-SCHEMA] ok
      [G3-IMPROVE] no changes
      [G4-FAITH] no changes (all supported)
  Phase 2 extraction (2 prompts): 15.5s
  Total extraction: 82.6s
    Medication_Plan: 8.4s [improved]
      [EXTRACT] raw={
    "medication_plan": "Continue with gemcitabine monotherapy but change to an alternating week schedule for better tolerability. Continue sennokot 4 times per week, recommended to take daily. Conti
      [G1-FORMAT] ok, keys=['medication_plan']
      [G2-SCHEMA] ok
      [G3-IMPROVE] medication_plan: "Continue with gemcitabine monotherapy but change to an alternating week schedule" -> "Continue with gemcitabine monotherapy but change to an alternating week schedule"
      [G4-FAITH] no changes (all supported)
      [G5-TEMPORAL] no changes
    Therapy_plan: 6.4s [improved, faith-trimmed, temporal-cleaned, stripped]
      [EXTRACT] raw={
    "therapy_plan": "Continue with gemcitabine monotherapy but change to an alternating week schedule for better tolerability."
}
      [G1-FORMAT] ok, keys=['therapy_plan']
      [G2-SCHEMA] ok
      [G3-IMPROVE] therapy_plan: "Continue with gemcitabine monotherapy but change to an alternating week schedule" -> "Continue with gemcitabine monotherapy but change to an alternating week schedule"
      [G4-FAITH] therapy_plan: "Continue with gemcitabine monotherapy but change to an alter" -> "Continue with gemcitabine monotherapy but change to an alter"
      [G5-TEMPORAL] follow up: "" -> "None"
      [G5-TEMPORAL] supportive_care: "" -> "None"
      [POST-KEYS] stripped: {'follow up', 'supportive_care'}
    radiotherapy_plan: 1.3s [faith-trimmed]
      [EXTRACT] raw={
    "radiotherapy_plan": "None"
}
      [G1-FORMAT] ok, keys=['radiotherapy_plan']
      [G2-SCHEMA] ok
      [G3-IMPROVE] skipped (all fields empty/negative)
      [G4-FAITH] radiotherapy_plan: "None" -> ""
      [G4-FAITH] EMPTIED: ['radiotherapy_plan']
      [G4-PROTECT] radiotherapy_plan: restored safe negative "None"
      [G5-TEMPORAL] skipped (all fields empty/negative)
    Procedure_Plan: 2.8s [improved, faith-trimmed]
      [EXTRACT] raw={
    "procedure_plan": "Plan to continue with gemcitabine monotherapy on an alternating week schedule. Will defer to her dentist regarding continued monitoring; pt to continue to chlorhexidine rinses
      [G1-FORMAT] ok, keys=['procedure_plan']
      [G2-SCHEMA] ok
      [G3-IMPROVE] procedure_plan: "Plan to continue with gemcitabine monotherapy on an alternating week schedule. W" -> "No procedures planned."
      [G4-FAITH] procedure_plan: "No procedures planned." -> ""
      [G4-FAITH] EMPTIED: ['procedure_plan']
      [G4-PROTECT] procedure_plan: restored safe negative "No procedures planned."
      [G5-TEMPORAL] skipped (all fields empty/negative)
    Imaging_Plan: 4.7s [improved]
      [EXTRACT] raw={
    "imaging_plan": "Plan to continue with monthly CA 19-9 levels and restaging CT cap with contrast every 2 months to monitor treatment response. Her next set of scans will be due after this cycle.
      [G1-FORMAT] ok, keys=['imaging_plan']
      [G2-SCHEMA] ok
      [G3-IMPROVE] imaging_plan: "Plan to continue with monthly CA 19-9 levels and restaging CT cap with contrast " -> "Plan to continue with restaging CT cap with contrast every 2 months to monitor t"
      [G4-FAITH] no changes (all supported)
      [G5-TEMPORAL] no changes
    Lab_Plan: 3.5s
      [EXTRACT] raw={
    "lab_plan": "Plan to continue with monthly CA 19-9 levels."
}
      [G1-FORMAT] ok, keys=['lab_plan']
      [G2-SCHEMA] ok
      [G3-IMPROVE] no changes
      [G4-FAITH] no changes (all supported)
      [G5-TEMPORAL] no changes
    Genetic_Testing_Plan: 1.5s [faith-trimmed]
      [EXTRACT] raw={
    "genetic_testing_plan": "None planned."
}
      [G1-FORMAT] ok, keys=['genetic_testing_plan']
      [G2-SCHEMA] ok
      [G3-IMPROVE] skipped (all fields empty/negative)
      [G4-FAITH] genetic_testing_plan: "None planned." -> ""
      [G4-FAITH] EMPTIED: ['genetic_testing_plan']
      [G4-PROTECT] genetic_testing_plan: restored safe negative "None planned."
    follow_up_next_visit: 3.6s
      [EXTRACT] raw={
    "Next clinic visit": "in-person: on 05/16/19 with [REDACTED] [REDACTED]"
}
      [G1-FORMAT] ok, keys=['Next clinic visit']
      [G2-SCHEMA] ok
      [G3-IMPROVE] no changes
      [G4-FAITH] no changes (all supported)
    Advance_care_planning: 1.3s [faith-trimmed]
      [EXTRACT] raw={
    "Advance care": "Not discussed during this visit."
}
      [G1-FORMAT] ok, keys=['Advance care']
      [G2-SCHEMA] ok
      [G3-IMPROVE] skipped (all fields empty/negative)
      [G4-FAITH] Advance care: "Not discussed during this visit." -> ""
      [G4-FAITH] EMPTIED: ['Advance care']
      [G4-PROTECT] Advance care: restored safe negative "Not discussed during this visit."
  Plan extraction prompts: 33.5s
    Referral: 6.9s [improved, faith-trimmed]
      [EXTRACT] raw={
"Nutrition": "We will refer to nutritionist.",
"Genetics": "None",
"Specialty": "Evaluated by her dentist; found to have periodontal inflammation and a deep pocket associated with her last left lowe
      [G1-FORMAT] ok, keys=['Nutrition', 'Genetics', 'Specialty', 'Others', 'follow up']
      [G2-SCHEMA] ok
      [G3-IMPROVE] Specialty: "Evaluated by her dentist; found to have periodontal inflammation and a deep pock" -> "Evaluated by her dentist"
      [G4-FAITH] Others: "None" -> ""
      [G4-FAITH] Genetics: "None" -> ""
      [G4-FAITH] EMPTIED: ['Others', 'Genetics']
      [G4-PROTECT] Others: restored safe negative "None"
      [G4-PROTECT] Genetics: restored safe negative "None"
  Referral extraction (full note): 6.9s
    Genetic_Testing_Results: 2.8s [improved, faith-trimmed]
      [EXTRACT] raw={
    "genetic_testing_results": "Brushings; pancreatic adenocarcinoma (no MMR testing)"
}
      [G1-FORMAT] ok, keys=['genetic_testing_results']
      [G2-SCHEMA] ok
      [G3-IMPROVE] genetic_testing_results: "Brushings; pancreatic adenocarcinoma (no MMR testing)" -> "No genetic testing results in note."
      [G4-FAITH] genetic_testing_results: "No genetic testing results in note." -> ""
      [G4-FAITH] EMPTIED: ['genetic_testing_results']
      [G4-REVERT] genetic_testing_results: reverted (G4 emptied all fields)
  Genetic_Testing_Results (full note): 2.8s
    [POST-THERAPY] removed non-therapy: ['Plan to continue with monthly CA 19-9 levels and r']
    [POST-PLAN-TEMPORAL] imaging clause cleanup: 'Plan to continue with restaging CT cap w' → 'Plan to continue with restaging CT cap w'
    [POST-STAGE-NOBASIS] no stage/TNM/metastatic anchor — 'Stage IIB (cT1c, cN1, cM0)' → 'Not staged in note'
    [POST-STAGE-EXPLICIT] captured formal stage: 'Stage IIB (cT1c,cN1,cM0)'
    [POST-RESPONSE-COMPRESS] 269→154 chars (dropped plan/verbose)
    [POST-RESPONSE-FINAL] explicit treatment-linked mass disappearance preserved: 'Interval decrease in pancreatic duct dilation. These findings suggest a positive' → 'Her scans obtained on 05/08/19 showed that the ill-defined pancreatic mass is no longer seen, likely'
  [ATTRIBUTION] 22/25 fields sourced (15.7s)
  Row 15 total: 141.5s
  Row 15 saved to progress

Processing row 16 (17/20)...
  Injected 1 term definitions: ['stable disease']
  Trying regex extraction...
  Regex matched: 'Assessment/Plan'
  Regex extraction succeeded (618 chars)
  A/P extraction: 0.0s
    Reason_for_Visit: 7.1s [faith-trimmed]
      [EXTRACT] raw={
"Patient type": "Follow up",
"second opinion": "no",
"in-person": "in-person",
"summary": "58 y.o. male with locally advanced pMMR pancreatic adenocarcinoma. Purpose of this visit is to continue cli
      [G1-FORMAT] ok, keys=['Patient type', 'second opinion', 'in-person', 'summary']
      [G2-SCHEMA] ok
      [G3-IMPROVE] no changes
      [G4-FAITH] second opinion: "no" -> ""
      [G4-FAITH] EMPTIED: ['second opinion']
      [G4-REVERT-INFER] second opinion: restored classification/inference "no"
    Cancer_Diagnosis: 5.6s [improved, faith-trimmed]
      [EXTRACT] raw={
"Type_of_Cancer": "Locally advanced pancreatic adenocarcinoma",
"Stage_of_Cancer": "Locally advanced",
"Distant Metastasis": "No",
"Metastasis": "No"
}
      [G1-FORMAT] ok, keys=['Type_of_Cancer', 'Stage_of_Cancer', 'Distant Metastasis', 'Metastasis']
      [G2-SCHEMA] ok
      [G3-IMPROVE] Metastasis: "No" -> "No — confirmed regional nodes; distant disease uncertain — suspicious liver lesi"
      [G4-FAITH] Distant Metastasis: "No" -> ""
      [G4-FAITH] Metastasis: "No — confirmed regional nodes; distant disease uncertain — s" -> ""
      [G4-FAITH] EMPTIED: ['Distant Metastasis', 'Metastasis']
      [G4-REVERT-INFER] Distant Metastasis: restored classification/inference "No"
      [G4-REVERT-INFER] Metastasis: restored classification/inference "No — confirmed regional nodes; distant disease uncertain — s"
    Lab_Results: 11.2s [improved, faith-trimmed]
      [EXTRACT] raw={
"lab_summary": "WBC Count 6.0, Hemoglobin 13.8, Hematocrit 40.4 (L), Platelet Count 151, Neutrophil Absolute Count 3.74, Alanine transaminase 39, Aspartate transaminase 44 (H), Alkaline Phosphatase 
      [G1-FORMAT] ok, keys=['lab_summary']
      [G2-SCHEMA] ok
      [G3-IMPROVE] lab_summary: "WBC Count 6.0, Hemoglobin 13.8, Hematocrit 40.4 (L), Platelet Count 151, Neutrop" -> "WBC Count 6.0, Hemoglobin 13.8, Hematocrit 40.4 (L), Platelet Count 151, Neutrop"
      [G4-FAITH] lab_summary: "WBC Count 6.0, Hemoglobin 13.8, Hematocrit 40.4 (L), Platele" -> "WBC Count 6.0, Hemoglobin 13.8, Hematocrit 40.4 (L), Platele"
    Clinical_Findings: 8.8s [improved]
      [EXTRACT] raw={
"findings": "Patient is on chemotherapy break since 11/06/18. Imaging results from 02/02/19 show stable disease. No recent imaging reviewed. Physical exam shows no tenderness, guarding, or mass in a
      [G1-FORMAT] ok, keys=['findings']
      [G2-SCHEMA] ok
      [G3-IMPROVE] findings: "Patient is on chemotherapy break since 11/06/18. Imaging results from 02/02/19 s" -> "Imaging results from 02/02/19 show stable disease. Physical exam shows no tender"
      [G4-FAITH] no changes (all supported)
    Current_Medications: 1.4s
      [EXTRACT] raw={
"current_meds": ""
}
      [G1-FORMAT] ok, keys=['current_meds']
      [G2-SCHEMA] ok
      [G3-IMPROVE] skipped (all fields empty/negative)
      [G4-FAITH] no changes (all supported)
    Treatment_Changes: 3.2s [improved]
      [EXTRACT] raw={
"recent_changes": "",
"supportive_meds": "PainSc: 5"
}
      [G1-FORMAT] ok, keys=['recent_changes', 'supportive_meds']
      [G2-SCHEMA] ok
      [G3-PROTECT] recent_changes: blocked fill into empty field
      [G3-IMPROVE] supportive_meds: "PainSc: 5" -> ""
      [G4-FAITH] no changes (all supported)
  Phase 1 extraction (6 prompts): 37.3s
  Cross-context injected (737 chars)
    Treatment_Goals: 3.0s [faith-trimmed]
      [EXTRACT] raw={
"goals_of_treatment": "palliative",
"goals_description": "Not explicitly stated."
}
      [G1-FORMAT] ok, keys=['goals_of_treatment', 'goals_description']
      [G2-SCHEMA] ok
      [G3-PROTECT-CLASS] goals_of_treatment: blocked modification of classification field
      [G3-IMPROVE] no changes
      [G4-FAITH] goals_of_treatment: "palliative" -> ""
      [G4-FAITH] goals_description: "Not explicitly stated." -> ""
      [G4-FAITH] EMPTIED: ['goals_of_treatment', 'goals_description']
      [G4-REVERT] goals_of_treatment: reverted (G4 emptied all fields)
      [G4-REVERT] goals_description: reverted (G4 emptied all fields)
    Response_Assessment: 7.2s [improved]
      [EXTRACT] raw={
"response_assessment": "The patient is currently on a chemotherapy break since 11/06/18. Imaging results from 02/02/19 show stable disease. Laboratory results show Aspartate transaminase at 44 (H), 
      [G1-FORMAT] ok, keys=['response_assessment']
      [G2-SCHEMA] ok
      [G3-IMPROVE] response_assessment: "The patient is currently on a chemotherapy break since 11/06/18. Imaging results" -> "Imaging results from 02/02/19 show stable disease. Laboratory results show Aspar"
      [G4-FAITH] no changes (all supported)
  Phase 2 extraction (2 prompts): 10.2s
  Total extraction: 47.5s
    Medication_Plan: 4.0s
      [EXTRACT] raw={
    "medication_plan": "Patient is on chemotherapy break since 11/06/18."
}
      [G1-FORMAT] ok, keys=['medication_plan']
      [G2-SCHEMA] ok
      [G3-IMPROVE] no changes
      [G4-FAITH] no changes (all supported)
      [G5-TEMPORAL] no changes
    Therapy_plan: 4.9s [improved, temporal-cleaned]
      [EXTRACT] raw={
    "therapy_plan": "Patient is on chemotherapy break since 11/06/18 and continues to do clinically well. No additional therapy plans mentioned."
}
      [G1-FORMAT] ok, keys=['therapy_plan']
      [G2-SCHEMA] ok
      [G3-IMPROVE] therapy_plan: "Patient is on chemotherapy break since 11/06/18 and continues to do clinically w" -> "Patient is on chemotherapy break since 11/06/18 and continues to do clinically w"
      [G4-FAITH] no changes (all supported)
      [G5-TEMPORAL] therapy_plan: "Patient is on chemotherapy break since 11/06/18 and continues to do clinically w" -> "Agrees to complete a new CT CAP in July 2019."
    radiotherapy_plan: 1.3s [faith-trimmed]
      [EXTRACT] raw={
    "radiotherapy_plan": "None"
}
      [G1-FORMAT] ok, keys=['radiotherapy_plan']
      [G2-SCHEMA] ok
      [G3-IMPROVE] skipped (all fields empty/negative)
      [G4-FAITH] radiotherapy_plan: "None" -> ""
      [G4-FAITH] EMPTIED: ['radiotherapy_plan']
      [G4-PROTECT] radiotherapy_plan: restored safe negative "None"
      [G5-TEMPORAL] skipped (all fields empty/negative)
    Procedure_Plan: 1.3s [faith-trimmed]
      [EXTRACT] raw={
    "procedure_plan": "No procedures planned."
}
      [G1-FORMAT] ok, keys=['procedure_plan']
      [G2-SCHEMA] ok
      [G3-IMPROVE] skipped (all fields empty/negative)
      [G4-FAITH] procedure_plan: "No procedures planned." -> ""
      [G4-FAITH] EMPTIED: ['procedure_plan']
      [G4-PROTECT] procedure_plan: restored safe negative "No procedures planned."
      [G5-TEMPORAL] skipped (all fields empty/negative)
    Imaging_Plan: 3.9s
      [EXTRACT] raw={
    "imaging_plan": "Agrees to complete a new CT CAP in July 2019."
}
      [G1-FORMAT] ok, keys=['imaging_plan']
      [G2-SCHEMA] ok
      [G3-IMPROVE] no changes
      [G4-FAITH] no changes (all supported)
      [G5-TEMPORAL] no changes
    Lab_Plan: 1.3s [faith-trimmed]
      [EXTRACT] raw={
    "lab_plan": "No labs planned."
}
      [G1-FORMAT] ok, keys=['lab_plan']
      [G2-SCHEMA] ok
      [G3-IMPROVE] skipped (all fields empty/negative)
      [G4-FAITH] lab_plan: "No labs planned." -> ""
      [G4-FAITH] EMPTIED: ['lab_plan']
      [G4-PROTECT] lab_plan: restored safe negative "No labs planned."
      [G5-TEMPORAL] skipped (all fields empty/negative)
    Genetic_Testing_Plan: 1.4s [faith-trimmed]
      [EXTRACT] raw={
    "genetic_testing_plan": "None planned."
}
      [G1-FORMAT] ok, keys=['genetic_testing_plan']
      [G2-SCHEMA] ok
      [G3-IMPROVE] skipped (all fields empty/negative)
      [G4-FAITH] genetic_testing_plan: "None planned." -> ""
      [G4-FAITH] EMPTIED: ['genetic_testing_plan']
      [G4-PROTECT] genetic_testing_plan: restored safe negative "None planned."
    follow_up_next_visit: 2.4s
      [EXTRACT] raw={
    "Next clinic visit": "in-person: June 2019"
}
      [G1-FORMAT] ok, keys=['Next clinic visit']
      [G2-SCHEMA] ok
      [G3-IMPROVE] no changes
      [G4-FAITH] no changes (all supported)
    Advance_care_planning: 1.3s [faith-trimmed]
      [EXTRACT] raw={
    "Advance care": "Not discussed during this visit."
}
      [G1-FORMAT] ok, keys=['Advance care']
      [G2-SCHEMA] ok
      [G3-IMPROVE] skipped (all fields empty/negative)
      [G4-FAITH] Advance care: "Not discussed during this visit." -> ""
      [G4-FAITH] EMPTIED: ['Advance care']
      [G4-PROTECT] Advance care: restored safe negative "Not discussed during this visit."
  Plan extraction prompts: 21.7s
    Referral: 5.3s [faith-trimmed]
      [EXTRACT] raw={
"Nutrition": "None",
"Genetics": "None",
"Specialty": "None",
"Others": "None",
"follow up": "Agrees to complete a new CT CAP in July 2019. RTC: June 2019"
}
      [G1-FORMAT] ok, keys=['Nutrition', 'Genetics', 'Specialty', 'Others', 'follow up']
      [G2-SCHEMA] ok
      [G3-IMPROVE] no changes
      [G4-FAITH] Nutrition: "None" -> ""
      [G4-FAITH] Specialty: "None" -> ""
      [G4-FAITH] Others: "None" -> ""
      [G4-FAITH] Genetics: "None" -> ""
      [G4-FAITH] EMPTIED: ['Nutrition', 'Specialty', 'Others', 'Genetics']
      [G4-PROTECT] Nutrition: restored safe negative "None"
      [G4-PROTECT] Specialty: restored safe negative "None"
      [G4-PROTECT] Others: restored safe negative "None"
      [G4-PROTECT] Genetics: restored safe negative "None"
  Referral extraction (full note): 5.3s
    Genetic_Testing_Results: 9.7s
      [EXTRACT] raw={
    "genetic_testing_results": "Foundation Medicine results: MS-Stable, Tumor mutational burden = 5 Muts/Mb, KRAS G12V, TP53 I195F, VUS: CBL P782L, CDKN2A/B loss, MTOR R2109, NKX2-1 G239_G241del, PD
      [G1-FORMAT] ok, keys=['genetic_testing_results']
      [G2-SCHEMA] ok
      [G3-IMPROVE] no changes
      [G4-FAITH] no changes (all supported)
  Genetic_Testing_Results (full note): 9.7s
    [POST-THERAPY] cleared (no oncology drugs found): Agrees to complete a new CT CAP in July 2019.
    [POST-PLAN-TEMPORAL] imaging clause cleanup: 'Agrees to complete a new CT CAP in July ' → 'Agrees to complete a new CT CAP in July '
    [POST-STAGE-LOCALLY-ADVANCED] descriptive extent retained → 'Locally advanced (unresectable)'
    [POST-MEDS-IV-CHECK] Added from A/P: folfirinox
    [POST-MEDS-COMPLETED-CHEMO] 'folfirinox' completed/on-break → cleared current_meds
  [ATTRIBUTION] 13/18 fields sourced (8.6s)
  Row 16 total: 92.9s
  Row 16 saved to progress

Processing row 17 (18/20)...
  Injected 2 term definitions: ['neoadjuvant therapy', 'adjuvant therapy']
  Trying regex extraction...
  Regex matched: 'ASSESSMENT:'
  Regex extraction succeeded (1753 chars)
  A/P extraction: 0.0s
    Reason_for_Visit: 10.6s [faith-trimmed]
      [EXTRACT] raw={
"Patient type": "Follow up",
"second opinion": "no",
"in-person": "Televisit",
"summary": "Adenocarcinoma of the tail of the pancreas, status post distal pancreatectomy and splenectomy with positive
      [G1-FORMAT] ok, keys=['Patient type', 'second opinion', 'in-person', 'summary']
      [G2-SCHEMA] ok
      [G3-IMPROVE] no changes
      [G4-FAITH] second opinion: "no" -> ""
      [G4-FAITH] EMPTIED: ['second opinion']
      [G4-REVERT-INFER] second opinion: restored classification/inference "no"
    Cancer_Diagnosis: 7.6s [faith-trimmed]
      [EXTRACT] raw={
  "Type_of_Cancer": "Moderately differentiated adenocarcinoma of the tail of the pancreas",
  "Stage_of_Cancer": "Not staged in note",
  "Distant_Metastasis": "No",
  "Metastasis": "Yes — confirmed 
      [G1-FORMAT] ok, keys=['Type_of_Cancer', 'Stage_of_Cancer', 'Distant Metastasis', 'Metastasis']
      [G2-SCHEMA] ok
      [G3-IMPROVE] no changes
      [G4-FAITH] Stage_of_Cancer: "Not staged in note" -> ""
      [G4-FAITH] EMPTIED: ['Stage_of_Cancer']
    Lab_Results: 28.2s
      [EXTRACT] raw={
"lab_summary": "Albumin 3.4 g/dL, Alkaline Phosphatase 151 U/L, Alanine transaminase 29 U/L, AST 24 U/L, Bilirubin, Total 0.3 mg/dL, Urea Nitrogen 12 mg/dL, Calcium 9.3 mg/dL, Chloride 99 mmol/L, Cr
      [G1-FORMAT] ok, keys=['lab_summary']
      [G2-SCHEMA] ok
      [G3-IMPROVE] no changes
      [G4-FAITH] no changes (all supported)
    Clinical_Findings: 40.6s
      [EXTRACT] raw={
"findings": "Expected postsurgical changes related to prior distal pancreatectomy of the body and tail. No evidence of metastatic disease in the abdomen or pelvis. Interval resolution of previously 
      [G1-FORMAT] ok, keys=['findings']
      [G2-SCHEMA] ok
      [G3-IMPROVE] no changes
      [G4-FAITH] no changes (all supported)
    Current_Medications: 1.5s
      [EXTRACT] raw={
"current_meds": ""
}
      [G1-FORMAT] ok, keys=['current_meds']
      [G2-SCHEMA] ok
      [G3-IMPROVE] skipped (all fields empty/negative)
      [G4-FAITH] no changes (all supported)
    Treatment_Changes: 6.9s [supp-filtered]
      [EXTRACT] raw={
"recent_changes": "We will hold her chemotherapy until she has resolution of her hand-foot syndrome. We will then resume treatment, treating 5 days out of 7.",
"supportive_meds": "lipase-protease-am
      [G1-FORMAT] ok, keys=['recent_changes', 'supportive_meds']
      [G2-SCHEMA] ok
      [G3-IMPROVE] no changes
      [G4-FAITH] no changes (all supported)
      [POST-SUPP] lipase-protease-amylase (CREON), gabapentin (NEURONTIN), lidocaine-diphenhydrAMINE-maalox (MAGIC MOUTHWASH) -> lidocaine-diphenhydrAMINE-maalox (MAGIC MOUTHWASH)
  Phase 1 extraction (6 prompts): 95.4s
  Cross-context injected (1997 chars)
    Treatment_Goals: 3.1s [faith-trimmed]
      [EXTRACT] raw={
"goals_of_treatment": "curative",
"goals_description": "Not explicitly stated."
}
      [G1-FORMAT] ok, keys=['goals_of_treatment', 'goals_description']
      [G2-SCHEMA] ok
      [G3-PROTECT-CLASS] goals_of_treatment: blocked modification of classification field
      [G3-IMPROVE] no changes
      [G4-FAITH] goals_of_treatment: "curative" -> ""
      [G4-FAITH] goals_description: "Not explicitly stated." -> ""
      [G4-FAITH] EMPTIED: ['goals_of_treatment', 'goals_description']
      [G4-REVERT] goals_of_treatment: reverted (G4 emptied all fields)
      [G4-REVERT] goals_description: reverted (G4 emptied all fields)
    Response_Assessment: 9.1s [improved]
      [EXTRACT] raw={
"response_assessment": "The patient has undergone a distal pancreatectomy and splenectomy for a moderately differentiated adenocarcinoma with positive lymph nodes. Postoperative imaging shows expect
      [G1-FORMAT] ok, keys=['response_assessment']
      [G2-SCHEMA] ok
      [G3-IMPROVE] response_assessment: "The patient has undergone a distal pancreatectomy and splenectomy for a moderate" -> "The patient has undergone a distal pancreatectomy and splenectomy for a moderate"
      [G4-FAITH] no changes (all supported)
  Phase 2 extraction (2 prompts): 12.3s
  Total extraction: 107.6s
    Medication_Plan: 6.0s
      [EXTRACT] raw={
    "medication_plan": "Hold chemotherapy until resolution of hand-foot syndrome. Resume chemotherapy treating 5 days out of 7. Start Lovenox for incidental PE. Get Dopplers to check for DVT."
}
      [G1-FORMAT] ok, keys=['medication_plan']
      [G2-SCHEMA] ok
      [G3-IMPROVE] no changes
      [G4-FAITH] no changes (all supported)
      [G5-TEMPORAL] no changes
    Therapy_plan: 4.9s
      [EXTRACT] raw={
    "therapy_plan": "We will hold her chemotherapy until she has resolution of her hand-foot syndrome. We will then resume treatment, treating 5 days out of 7."
}
      [G1-FORMAT] ok, keys=['therapy_plan']
      [G2-SCHEMA] ok
      [G3-IMPROVE] no changes
      [G4-FAITH] no changes (all supported)
      [G5-TEMPORAL] no changes
    radiotherapy_plan: 1.3s [faith-trimmed]
      [EXTRACT] raw={
    "radiotherapy_plan": "None"
}
      [G1-FORMAT] ok, keys=['radiotherapy_plan']
      [G2-SCHEMA] ok
      [G3-IMPROVE] skipped (all fields empty/negative)
      [G4-FAITH] radiotherapy_plan: "None" -> ""
      [G4-FAITH] EMPTIED: ['radiotherapy_plan']
      [G4-PROTECT] radiotherapy_plan: restored safe negative "None"
      [G5-TEMPORAL] skipped (all fields empty/negative)
    Procedure_Plan: 1.3s [faith-trimmed]
      [EXTRACT] raw={
    "procedure_plan": "No procedures planned."
}
      [G1-FORMAT] ok, keys=['procedure_plan']
      [G2-SCHEMA] ok
      [G3-IMPROVE] skipped (all fields empty/negative)
      [G4-FAITH] procedure_plan: "No procedures planned." -> ""
      [G4-FAITH] EMPTIED: ['procedure_plan']
      [G4-PROTECT] procedure_plan: restored safe negative "No procedures planned."
      [G5-TEMPORAL] skipped (all fields empty/negative)
    Imaging_Plan: 3.4s
      [EXTRACT] raw={
    "imaging_plan": "Will get Dopplers to understand whether she has DVT."
}
      [G1-FORMAT] ok, keys=['imaging_plan']
      [G2-SCHEMA] ok
      [G3-IMPROVE] no changes
      [G4-FAITH] no changes (all supported)
      [G5-TEMPORAL] no changes
    Lab_Plan: 1.3s [faith-trimmed]
      [EXTRACT] raw={
    "lab_plan": "No labs planned."
}
      [G1-FORMAT] ok, keys=['lab_plan']
      [G2-SCHEMA] ok
      [G3-IMPROVE] skipped (all fields empty/negative)
      [G4-FAITH] lab_plan: "No labs planned." -> ""
      [G4-FAITH] EMPTIED: ['lab_plan']
      [G4-PROTECT] lab_plan: restored safe negative "No labs planned."
      [G5-TEMPORAL] skipped (all fields empty/negative)
    Genetic_Testing_Plan: 1.4s [faith-trimmed]
      [EXTRACT] raw={
    "genetic_testing_plan": "None planned."
}
      [G1-FORMAT] ok, keys=['genetic_testing_plan']
      [G2-SCHEMA] ok
      [G3-IMPROVE] skipped (all fields empty/negative)
      [G4-FAITH] genetic_testing_plan: "None planned." -> ""
      [G4-FAITH] EMPTIED: ['genetic_testing_plan']
      [G4-PROTECT] genetic_testing_plan: restored safe negative "None planned."
    follow_up_next_visit: 1.9s [faith-trimmed]
      [EXTRACT] raw={
    "Next clinic visit": "Not explicitly mentioned"
}
      [G1-FORMAT] ok, keys=['Next clinic visit']
      [G2-SCHEMA] ok
      [G3-IMPROVE] no changes
      [G4-FAITH] Next clinic visit: "Not explicitly mentioned" -> ""
      [G4-FAITH] EMPTIED: ['Next clinic visit']
      [G4-REVERT] Next clinic visit: reverted (G4 emptied all fields)
    Advance_care_planning: 1.3s [faith-trimmed]
      [EXTRACT] raw={
    "Advance care": "Not discussed during this visit."
}
      [G1-FORMAT] ok, keys=['Advance care']
      [G2-SCHEMA] ok
      [G3-IMPROVE] skipped (all fields empty/negative)
      [G4-FAITH] Advance care: "Not discussed during this visit." -> ""
      [G4-FAITH] EMPTIED: ['Advance care']
      [G4-PROTECT] Advance care: restored safe negative "Not discussed during this visit."
  Plan extraction prompts: 22.6s
    Referral: 6.5s [faith-trimmed]
      [EXTRACT] raw={
"Nutrition": "None",
"Genetics": "None",
"Specialty": "GI surgical oncology at [REDACTED]",
"Others": "None",
"follow up": "We will hold her chemotherapy until she has resolution of her hand-foot sy
      [G1-FORMAT] ok, keys=['Nutrition', 'Genetics', 'Specialty', 'Others', 'follow up']
      [G2-SCHEMA] ok
      [G3-IMPROVE] no changes
      [G4-FAITH] Nutrition: "None" -> ""
      [G4-FAITH] Others: "None" -> ""
      [G4-FAITH] Genetics: "None" -> "ATM VUS"
      [G4-FAITH] EMPTIED: ['Nutrition', 'Others']
      [G4-PROTECT] Nutrition: restored safe negative "None"
      [G4-PROTECT] Others: restored safe negative "None"
  Referral extraction (full note): 6.5s
    Genetic_Testing_Results: 3.5s
      [EXTRACT] raw={
    "genetic_testing_results": "She has had some genetic testing in the past and is known to carry an ATM VUS."
}
      [G1-FORMAT] ok, keys=['genetic_testing_results']
      [G2-SCHEMA] ok
      [G3-IMPROVE] no changes
      [G4-FAITH] no changes (all supported)
  Genetic_Testing_Results (full note): 3.5s
    [POST-GENETICS] cleared completed test result: 'ATM VUS'
    [POST-REFERRAL-INCOMING] 'GI surgical oncology at [REDACTED]' is incoming (already seen) → None
    [POST-THERAPY] removed non-therapy: ['We will then resume treatment, treating 5 days out']
    [POST-PLAN-TEMPORAL] imaging clause cleanup: 'Will get Dopplers to understand whether ' → 'Will get Dopplers to understand whether '
    [POST-RESPONSE-COMPRESS] 556→110 chars (dropped plan/verbose)
    [POST-SUPP-SUPPLEMENT] recovered supportive meds: ['Creon (pancreatic enzyme)', 'Lovenox']
    [POST-MEDS-IV-CHECK] Added from A/P: capecitabine
    [POST-MEDS-DOUBLET] completed regimen: +['gemcitabine']
    [POST-MEDS-ONHOLD] cleared 'capecitabine, gemcitabine' — systemic anticancer therapy explicitly held/paused
  [ATTRIBUTION] 14/20 fields sourced (9.9s)
  Row 17 total: 150.1s
  Row 17 saved to progress

Processing row 18 (19/20)...
  Trying regex extraction...
  Regex matched: 'ASSESSMENT / PLAN:'
  Regex extraction succeeded (2150 chars)
  A/P extraction: 0.0s
    Reason_for_Visit: 9.4s [faith-trimmed]
      [EXTRACT] raw={
"Patient type": "New patient",
"second opinion": "no",
"in-person": "in-person",
"summary": "Localized adenocarcinoma of the pancreas, on therapy with uncertain disease control. Patient is scheduled
      [G1-FORMAT] ok, keys=['Patient type', 'second opinion', 'in-person', 'summary']
      [G2-SCHEMA] ok
      [G3-PROTECT-CLASS] Patient type: blocked modification of classification field
      [G3-IMPROVE] no changes
      [G4-FAITH] second opinion: "no" -> ""
      [G4-FAITH] EMPTIED: ['second opinion']
      [G4-REVERT-INFER] second opinion: restored classification/inference "no"
    Cancer_Diagnosis: 8.9s [improved]
      [EXTRACT] raw={
"Type_of_Cancer": "Locally advanced and unresectable adenocarcinoma of the head of the pancreas; adenocarcinoma involving the uncinate process and SMA",
"Stage_of_Cancer": "Locally advanced (unresec
      [G1-FORMAT] ok, keys=['Type_of_Cancer', 'Stage_of_Cancer', 'Distant Metastasis', 'Metastasis']
      [G2-SCHEMA] ok
      [G3-IMPROVE] Type_of_Cancer: "Locally advanced and unresectable adenocarcinoma of the head of the pancreas; ad" -> "Adenocarcinoma of the head of the pancreas; adenocarcinoma involving the uncinat"
      [G4-FAITH] no changes (all supported)
    Lab_Results: 23.1s [improved, faith-trimmed]
      [EXTRACT] raw={
"lab_summary": "Albumin 3.3 (L), Alkaline Phosphatase 493 (H), Alanine transaminase 387 (H), Aspartate transaminase 357 (H), Bilirubin, Total 7.4 (H), Urea Nitrogen 15, Calcium 9.2, Chloride 94 (L),
      [G1-FORMAT] ok, keys=['lab_summary']
      [G2-SCHEMA] ok
      [G3-IMPROVE] lab_summary: "Albumin 3.3 (L), Alkaline Phosphatase 493 (H), Alanine transaminase 387 (H), Asp" -> "Albumin 3.3 (L), Alkaline Phosphatase 493 (H), Alanine transaminase 387 (H), Asp"
      [G4-FAITH] lab_summary: "Albumin 3.3 (L), Alkaline Phosphatase 493 (H), Alanine trans" -> "Albumin 3.3 (L), Alkaline Phosphatase 493 (H), Alanine trans"
    Clinical_Findings: 14.9s [improved, faith-trimmed]
      [EXTRACT] raw={
"findings": "CT scan shows an interval increase in size of the ill-defined pancreatic head/uncinate process mass, leading to obstruction of the biliary system with proximal intrahepatic and extrahep
      [G1-FORMAT] ok, keys=['findings']
      [G2-SCHEMA] ok
      [G3-IMPROVE] findings: "CT scan shows an interval increase in size of the ill-defined pancreatic head/un" -> "CT scan shows an interval increase in size of the ill-defined pancreatic head/un"
      [G4-FAITH] findings: "CT scan shows an interval increase in size of the ill-define" -> "CT scan shows an interval increase in size of the ill-define"
    Current_Medications: 9.5s [faith-trimmed, meds-filtered]
      [EXTRACT] raw={
"current_meds": ""
}
      [G1-FORMAT] ok, keys=['current_meds']
      [G2-SCHEMA] ok
      [G3-IMPROVE] skipped (all fields empty/negative)
      [G4-FAITH] current_meds: "" -> "aspirin 81 mg EC tablet Take 81 mg by mouth Daily., atorvast"
      [POST-MEDS] aspirin 81 mg EC tablet Take 81 mg by mouth Daily., atorvastatin (LIPITOR) 40 mg tablet TK 1 T PO QD, coenzyme Q10 100 mg capsule Take by mouth Daily., CREON 36,000-114,000- 180,000 unit capsule Take 3 tabs with meals and 2 tabs with snacks., metFORMIN (GLUCOPHAGE) 850 mg tablet Take 850 mg by mouth 2 (two) times daily with meals., methadone (DOLOPHINE) 10 mg tablet Take 10 mg by mouth every 12 (twelve) hours., metoclopramide HCl (REGLAN) 10 mg tablet, multivitamin with iron-minerals-folic acid (MULTIVITAMIN-IRON-MINERALS-FOLIC ACID) 3,500-18-0.4 unit-mg-mg chewable tablet Take 1 tablet by mouth Daily., omeprazole (PRILOSEC) 20 mg capsule TK 1 C PO QD, ondansetron (ZOFRAN) 8 mg tablet TK 1 T PO Q 8 H PRN NV, oxyCODONE (ROXICODONE) 5 mg tablet Take 5 mg by mouth every 4 (four) hours as needed for Pain. 1-2 tabs po q 3-4 hours, polyethylene glycol (MIRALAX) 17 gram packet -> CREON 36
    Treatment_Changes: 9.6s [improved, supp-filtered]
      [EXTRACT] raw={
"recent_changes": "Postponed today's infusion of FOLFIRINOX due to lab results indicating possible disease progression, biliary obstruction, or ascending cholangitis. Recommended urgent imaging to r
      [G1-FORMAT] ok, keys=['recent_changes', 'supportive_meds']
      [G2-SCHEMA] ok
      [G3-IMPROVE] supportive_meds: "Creon 3 tabs with meals/2 tabs with snacks, methadone 10 mg BID, oxycodone 5 mg " -> "Creon 3 tabs with meals/2 tabs with snacks, methadone 10 mg BID, oxycodone 5 mg "
      [G4-FAITH] no changes (all supported)
      [POST-SUPP] Creon 3 tabs with meals/2 tabs with snacks, methadone 10 mg BID, oxycodone 5 mg PRN, ondansetron  8 mg PRN NV -> methadone 10 mg BID, oxycodone 5 mg PRN, ondansetron  8 mg PRN NV
  Phase 1 extraction (6 prompts): 75.3s
  Cross-context injected (1592 chars)
    Treatment_Goals: 3.2s [faith-trimmed]
      [EXTRACT] raw={
"goals_of_treatment": "palliative",
"goals_description": "Not explicitly stated."
}
      [G1-FORMAT] ok, keys=['goals_of_treatment', 'goals_description']
      [G2-SCHEMA] ok
      [G3-IMPROVE] no changes
      [G4-FAITH] goals_of_treatment: "palliative" -> ""
      [G4-FAITH] goals_description: "Not explicitly stated." -> ""
      [G4-FAITH] EMPTIED: ['goals_of_treatment', 'goals_description']
      [G4-REVERT] goals_of_treatment: reverted (G4 emptied all fields)
      [G4-REVERT] goals_description: reverted (G4 emptied all fields)
    Response_Assessment: 14.3s
      [EXTRACT] raw={
"response_assessment": "The cancer is showing signs of possible progression or biliary obstruction. Lab results indicate elevated total bilirubin (7.4 mg/dL), alkaline phosphatase (493 U/L), alanine
      [G1-FORMAT] ok, keys=['response_assessment']
      [G2-SCHEMA] ok
      [G3-IMPROVE] no changes
      [G4-FAITH] no changes (all supported)
  Phase 2 extraction (2 prompts): 17.6s
  Total extraction: 92.9s
    Medication_Plan: 4.8s
      [EXTRACT] raw={
    "medication_plan": "Hold chemotherapy (due to potential disease progression, biliary obstruction, or ascending cholangitis)."
}
      [G1-FORMAT] ok, keys=['medication_plan']
      [G2-SCHEMA] ok
      [G3-IMPROVE] no changes
      [G4-FAITH] no changes (all supported)
      [G5-TEMPORAL] no changes
    Therapy_plan: 6.3s [temporal-cleaned]
      [EXTRACT] raw={
    "therapy_plan": "Patient is currently on therapy with FOLFIRINOX. Most recent treatment was 2 cycles. Today's infusion was postponed due to concerns over disease progression or biliary obstructi
      [G1-FORMAT] ok, keys=['therapy_plan']
      [G2-SCHEMA] ok
      [G3-IMPROVE] no changes
      [G4-FAITH] no changes (all supported)
      [G5-TEMPORAL] therapy_plan: "Patient is currently on therapy with FOLFIRINOX. Most recent treatment was 2 cyc" -> "Today's infusion was postponed due to concerns over disease progression or bilia"
    radiotherapy_plan: 1.2s [faith-trimmed]
      [EXTRACT] raw={
    "radiotherapy_plan": "None"
}
      [G1-FORMAT] ok, keys=['radiotherapy_plan']
      [G2-SCHEMA] ok
      [G3-IMPROVE] skipped (all fields empty/negative)
      [G4-FAITH] radiotherapy_plan: "None" -> ""
      [G4-FAITH] EMPTIED: ['radiotherapy_plan']
      [G4-PROTECT] radiotherapy_plan: restored safe negative "None"
      [G5-TEMPORAL] skipped (all fields empty/negative)
    Procedure_Plan: 4.5s
      [EXTRACT] raw={
    "procedure_plan": "Will have pt undergo bilateral US today to r/o DVT. An urgent referral to GI for an ERCP was placed."
}
      [G1-FORMAT] ok, keys=['procedure_plan']
      [G2-SCHEMA] ok
      [G3-IMPROVE] no changes
      [G4-FAITH] no changes (all supported)
      [G5-TEMPORAL] no changes
    Imaging_Plan: 5.2s
      [EXTRACT] raw={
    "imaging_plan": "Urgent imaging to rule out biliary ductal dilatation versus disease progression in the liver. Bilateral US today to rule out DVT."
}
      [G1-FORMAT] ok, keys=['imaging_plan']
      [G2-SCHEMA] ok
      [G3-IMPROVE] no changes
      [G4-FAITH] no changes (all supported)
      [G5-TEMPORAL] no changes
    Lab_Plan: 5.9s [improved, faith-trimmed, temporal-cleaned]
      [EXTRACT] raw={
    "lab_plan": "Postpone today's infusion and have the patient undergo urgent imaging to rule out biliary ductal dilatation versus disease progression in the liver. No specific future blood tests o
      [G1-FORMAT] ok, keys=['lab_plan']
      [G2-SCHEMA] ok
      [G3-IMPROVE] lab_plan: "Postpone today's infusion and have the patient undergo urgent imaging to rule ou" -> "No labs planned. Urgent imaging recommended to rule out biliary ductal dilatatio"
      [G4-FAITH] lab_plan: "No labs planned. Urgent imaging recommended to rule out bili" -> "Given that her most recent CT was performed almost 3 months "
      [G5-TEMPORAL] lab_plan: "Given that her most recent CT was performed almost 3 months ago (outside CT from" -> "I have recommended that we postpone today's infusion and have her undergo urgent"
    Genetic_Testing_Plan: 1.5s [faith-trimmed]
      [EXTRACT] raw={
    "genetic_testing_plan": "None planned."
}
      [G1-FORMAT] ok, keys=['genetic_testing_plan']
      [G2-SCHEMA] ok
      [G3-IMPROVE] skipped (all fields empty/negative)
      [G4-FAITH] genetic_testing_plan: "None planned." -> ""
      [G4-FAITH] EMPTIED: ['genetic_testing_plan']
      [G4-PROTECT] genetic_testing_plan: restored safe negative "None planned."
    follow_up_next_visit: 3.1s [faith-trimmed]
      [EXTRACT] raw={
    "Next clinic visit": "Not explicitly mentioned: The note discusses immediate actions like urgent imaging and potential ED visits, but does not specify a next clinic visit timing or purpose."
}
      [G1-FORMAT] ok, keys=['Next clinic visit']
      [G2-SCHEMA] ok
      [G3-IMPROVE] no changes
      [G4-FAITH] Next clinic visit: "Not explicitly mentioned: The note discusses immediate actio" -> ""
      [G4-FAITH] EMPTIED: ['Next clinic visit']
      [G4-REVERT] Next clinic visit: reverted (G4 emptied all fields)
    Advance_care_planning: 1.3s [faith-trimmed]
      [EXTRACT] raw={
    "Advance care": "Not discussed during this visit."
}
      [G1-FORMAT] ok, keys=['Advance care']
      [G2-SCHEMA] ok
      [G3-IMPROVE] skipped (all fields empty/negative)
      [G4-FAITH] Advance care: "Not discussed during this visit." -> ""
      [G4-FAITH] EMPTIED: ['Advance care']
      [G4-PROTECT] Advance care: restored safe negative "Not discussed during this visit."
  Plan extraction prompts: 33.9s
    Referral: 5.2s [improved, faith-trimmed]
      [EXTRACT] raw={
"Nutrition": "None",
"Genetics": "None",
"Specialty": "Encouraged referral to SMS to help with management of her pain, fatigue, and anorexia. Pt agrees to this consultation.",
"Others": "Will have p
      [G1-FORMAT] ok, keys=['Nutrition', 'Genetics', 'Specialty', 'Others', 'follow up']
      [G2-SCHEMA] ok
      [G3-IMPROVE] follow up: "An urgent referral to GI for an ERCP was placed." -> "GI for ERCP"
      [G3-IMPROVE] Specialty: "Encouraged referral to SMS to help with management of her pain, fatigue, and ano" -> "SMS"
      [G3-IMPROVE] Others: "Will have pt undergo bilateral US today to r/o DVT." -> "None"
      [G4-FAITH] Nutrition: "None" -> ""
      [G4-FAITH] Others: "None" -> ""
      [G4-FAITH] Genetics: "None" -> ""
      [G4-FAITH] EMPTIED: ['Nutrition', 'Others', 'Genetics']
      [G4-PROTECT] Nutrition: restored safe negative "None"
      [G4-PROTECT] Others: restored safe negative "None"
      [G4-PROTECT] Genetics: restored safe negative "None"
  Referral extraction (full note): 5.2s
    Genetic_Testing_Results: 2.7s [improved, faith-trimmed]
      [EXTRACT] raw={
    "genetic_testing_results": "FNA of the mass revealed an adenocarcinoma."
}
      [G1-FORMAT] ok, keys=['genetic_testing_results']
      [G2-SCHEMA] ok
      [G3-IMPROVE] genetic_testing_results: "FNA of the mass revealed an adenocarcinoma." -> "No genetic testing results in note."
      [G4-FAITH] genetic_testing_results: "No genetic testing results in note." -> ""
      [G4-FAITH] EMPTIED: ['genetic_testing_results']
      [G4-REVERT] genetic_testing_results: reverted (G4 emptied all fields)
  Genetic_Testing_Results (full note): 2.7s
    [POST-PATIENT-TYPE-ONGOING] mid-regimen at clinic → 'Follow up' (was New patient)
    [POST-LAB-WHITELIST] removed non-lab items: ["I have recommended that we postpone today's infusi"]
    [POST-LAB-SEARCH] Found labs in full note: PLAN:  1. Localized adenocarcinoma of the pancreas, on thera
    [POST-THERAPY] removed non-therapy: ['An urgent referral to GI for an ERCP was placed.']
    [POST-PLAN-TEMPORAL] imaging clause cleanup: 'Urgent imaging to rule out biliary ducta' → 'Urgent imaging to rule out biliary ducta'
    [POST-PROCEDURE-FILTER] removed non-procedure items: ['Will have pt undergo bilateral US today to r/o DVT']
    [POST-PROCEDURE-ENDO-FINAL] recovered 'ERCP'
    [POST-PLAN-GARBAGE-CLEAN] Lab_Plan garbage → 'No labs planned.'
    [POST-RESPONSE-COMPRESS] 658→383 chars (dropped plan/verbose)
    [POST-SUPP-SUPPLEMENT] recovered supportive meds: ['Creon (pancreatic enzyme)']
    [POST-MEDS-ENZYME-STRIP] removed pancreatic enzyme from current_meds (→ supportive)
    [POST-MEDS-IV-CHECK] Added from A/P: folfirinox
  [ATTRIBUTION] 21/24 fields sourced (18.6s)
  Row 18 total: 153.2s
  Row 18 saved to progress

Processing row 19 (20/20)...
  Trying regex extraction...
  Regex matched: 'Impression and Recommendations:'
  Regex extraction succeeded (5358 chars)
  A/P extraction: 0.0s
    Reason_for_Visit: 6.0s [faith-trimmed]
      [EXTRACT] raw={
"Patient type": "New patient",
"second opinion": "no",
"in-person": "in-person",
"summary": "Initial consult for newly diagnosed metastatic pancreatic adenocarcinoma."
}
      [G1-FORMAT] ok, keys=['Patient type', 'second opinion', 'in-person', 'summary']
      [G2-SCHEMA] ok
      [G3-IMPROVE] no changes
      [G4-FAITH] second opinion: "no" -> ""
      [G4-FAITH] EMPTIED: ['second opinion']
      [G4-REVERT-INFER] second opinion: restored classification/inference "no"
    Cancer_Diagnosis: 7.3s
      [EXTRACT] raw={
"Type_of_Cancer": "Pancreatic adenocarcinoma",
"Stage_of_Cancer": "Metastatic (Stage IV)",
"Distant Metastasis": "Yes, to liver and peritoneum",
"Metastasis": "Yes — confirmed regional nodes; distan
      [G1-FORMAT] ok, keys=['Type_of_Cancer', 'Stage_of_Cancer', 'Distant Metastasis', 'Metastasis']
      [G2-SCHEMA] ok
      [G3-IMPROVE] no changes
      [G4-FAITH] no changes (all supported)
    Lab_Results: 6.2s
      [EXTRACT] raw={
"lab_summary": "WBC 6.0, Hct 46.5, plts 207, Creat 1.16, Alb 4.3, AST 26, ALT 61, tot bili 0.6, alk phos 63"
}
      [G1-FORMAT] ok, keys=['lab_summary']
      [G2-SCHEMA] ok
      [G3-IMPROVE] no changes
      [G4-FAITH] no changes (all supported)
    Clinical_Findings: 10.1s
      [EXTRACT] raw={
"findings": "Pathology: Fine needle biopsy of pancreatic tail mass confirms adenocarcinoma with cystic and necrotic components, measuring 39.4 mm by 22.6 mm. Imaging: CT scan shows a 5 cm cystic les
      [G1-FORMAT] ok, keys=['findings']
      [G2-SCHEMA] ok
      [G3-IMPROVE] no changes
      [G4-FAITH] no changes (all supported)
    Current_Medications: 2.7s [faith-trimmed, meds-filtered]
      [EXTRACT] raw={
"current_meds": ""
}
      [G1-FORMAT] ok, keys=['current_meds']
      [G2-SCHEMA] ok
      [G3-IMPROVE] skipped (all fields empty/negative)
      [G4-FAITH] current_meds: "" -> "oxyCODONE-acetaminophen (Percocet) 5-325 mg tablet, valACYcl"
      [POST-MEDS] oxyCODONE-acetaminophen (Percocet) 5-325 mg tablet, valACYclovir (Valtrex) 1 gram tablet prn cold sores, Lorazepam PRN -> 
    Treatment_Changes: 4.6s [supp-filtered]
      [EXTRACT] raw={
"recent_changes": "",
"supportive_meds": "oxyCODONE-acetaminophen (Percocet) 5-325 mg tablet, Lorazepam PRN"
}
      [G1-FORMAT] ok, keys=['recent_changes', 'supportive_meds']
      [G2-SCHEMA] ok
      [G3-IMPROVE] no changes
      [G4-FAITH] no changes (all supported)
      [POST-SUPP] oxyCODONE-acetaminophen (Percocet) 5-325 mg tablet, Lorazepam PRN -> oxyCODONE-acetaminophen (Percocet) 5-325 mg tablet
  Phase 1 extraction (6 prompts): 36.8s
  Cross-context injected (896 chars)
    Treatment_Goals: 6.3s
      [EXTRACT] raw={
"goals_of_treatment": "palliative",
"goals_description": "The mainstay of treatment should consist of systemic therapy with the goal of achieving as deep and durable a remission as possible, hopeful
      [G1-FORMAT] ok, keys=['goals_of_treatment', 'goals_description']
      [G2-SCHEMA] ok
      [G3-IMPROVE] no changes
      [G4-FAITH] no changes (all supported)
    Response_Assessment: 1.9s [faith-trimmed]
      [EXTRACT] raw={
"response_assessment": "Not yet on treatment — no response to assess."
}
      [G1-FORMAT] ok, keys=['response_assessment']
      [G2-SCHEMA] ok
      [G3-IMPROVE] skipped (all fields empty/negative)
      [G4-FAITH] response_assessment: "Not yet on treatment — no response to assess." -> ""
      [G4-FAITH] EMPTIED: ['response_assessment']
      [G4-PROTECT] response_assessment: restored safe negative "Not yet on treatment — no response to assess."
  Phase 2 extraction (2 prompts): 8.2s
  Total extraction: 45.1s
    Medication_Plan: 16.4s [temporal-cleaned]
      [EXTRACT] raw={
    "medication_plan": "Potential start of chemotherapy regimens: FOLFIRINOX (biweekly infusional 5-FU, leucovorin, irinotecan, and oxaliplatin) or gemcitabine plus nab-paclitaxel. Consideration of 
      [G1-FORMAT] ok, keys=['medication_plan']
      [G2-SCHEMA] ok
      [G3-IMPROVE] no changes
      [G4-FAITH] no changes (all supported)
      [G5-TEMPORAL] medication_plan: "Potential start of chemotherapy regimens: FOLFIRINOX (biweekly infusional 5-FU, " -> "Potential start of chemotherapy regimens: FOLFIRINOX (biweekly infusional 5-FU, "
    Therapy_plan: 13.4s [improved]
      [EXTRACT] raw={
    "therapy_plan": "Discussed standard of care treatment options including FOLFIRINOX or gemcitabine plus nab-paclitaxel. Also discussed clinical trial options: Precision Promise trial with either 
      [G1-FORMAT] ok, keys=['therapy_plan']
      [G2-SCHEMA] ok
      [G3-IMPROVE] therapy_plan: "Discussed standard of care treatment options including FOLFIRINOX or gemcitabine" -> "Discussed standard of care treatment options including FOLFIRINOX or gemcitabine"
      [G4-FAITH] no changes (all supported)
      [G5-TEMPORAL] no changes
    radiotherapy_plan: 1.3s [faith-trimmed]
      [EXTRACT] raw={
    "radiotherapy_plan": "None"
}
      [G1-FORMAT] ok, keys=['radiotherapy_plan']
      [G2-SCHEMA] ok
      [G3-IMPROVE] skipped (all fields empty/negative)
      [G4-FAITH] radiotherapy_plan: "None" -> ""
      [G4-FAITH] EMPTIED: ['radiotherapy_plan']
      [G4-PROTECT] radiotherapy_plan: restored safe negative "None"
      [G5-TEMPORAL] skipped (all fields empty/negative)
    Procedure_Plan: 5.3s
      [EXTRACT] raw={
    "procedure_plan": "Fresh tumor tissue collection prior to starting treatment for Precision Promise clinical trial; pre-treatment biopsy required for REVOLUTION trial if adequate archived tumor m
      [G1-FORMAT] ok, keys=['procedure_plan']
      [G2-SCHEMA] ok
      [G3-IMPROVE] no changes
      [G4-FAITH] no changes (all supported)
      [G5-TEMPORAL] no changes
    Imaging_Plan: 7.1s [improved, faith-trimmed]
      [EXTRACT] raw={
    "imaging_plan": "The patient is potentially eligible for several non-therapeutic trials involving novel imaging and blood- and stool-based assays (for ctDNA and microbiome studies, respectively)
      [G1-FORMAT] ok, keys=['imaging_plan']
      [G2-SCHEMA] ok
      [G3-IMPROVE] imaging_plan: "The patient is potentially eligible for several non-therapeutic trials involving" -> "The patient is potentially eligible for several non-therapeutic trials involving"
      [G4-FAITH] imaging_plan: "The patient is potentially eligible for several non-therapeu" -> "The patient is potentially eligible for several non-therapeu"
      [G5-TEMPORAL] no changes
    Lab_Plan: 1.4s [faith-trimmed]
      [EXTRACT] raw={
    "lab_plan": "No labs planned."
}
      [G1-FORMAT] ok, keys=['lab_plan']
      [G2-SCHEMA] ok
      [G3-IMPROVE] skipped (all fields empty/negative)
      [G4-FAITH] lab_plan: "No labs planned." -> ""
      [G4-FAITH] EMPTIED: ['lab_plan']
      [G4-PROTECT] lab_plan: restored safe negative "No labs planned."
      [G5-TEMPORAL] skipped (all fields empty/negative)
    Genetic_Testing_Plan: 6.1s
      [EXTRACT] raw={
    "genetic_testing_plan": "Somatic tumor testing of the patient's tumor specimen to assess for the presence of any actionable mutations or other genetic alterations using the UCSF500 in-house plat
      [G1-FORMAT] ok, keys=['genetic_testing_plan']
      [G2-SCHEMA] ok
      [G3-IMPROVE] no changes
      [G4-FAITH] no changes (all supported)
    follow_up_next_visit: 2.3s [faith-trimmed]
      [EXTRACT] raw={
    "Next clinic visit": "Not explicitly mentioned in the provided note."
}
      [G1-FORMAT] ok, keys=['Next clinic visit']
      [G2-SCHEMA] ok
      [G3-IMPROVE] no changes
      [G4-FAITH] Next clinic visit: "Not explicitly mentioned in the provided note." -> ""
      [G4-FAITH] EMPTIED: ['Next clinic visit']
      [G4-REVERT] Next clinic visit: reverted (G4 emptied all fields)
    Advance_care_planning: 1.3s [faith-trimmed]
      [EXTRACT] raw={
    "Advance care": "Not discussed during this visit."
}
      [G1-FORMAT] ok, keys=['Advance care']
      [G2-SCHEMA] ok
      [G3-IMPROVE] skipped (all fields empty/negative)
      [G4-FAITH] Advance care: "Not discussed during this visit." -> ""
      [G4-FAITH] EMPTIED: ['Advance care']
      [G4-PROTECT] Advance care: restored safe negative "Not discussed during this visit."
  Plan extraction prompts: 54.6s
    Referral: 8.4s [improved, faith-trimmed]
      [EXTRACT] raw={
"Nutrition": "Referral made to our Cancer Center nutritionist",
"Genetics": "Additionally, the patient should undergo genetic counseling with germline testing to assess for any hereditary predisposi
      [G1-FORMAT] ok, keys=['Nutrition', 'Genetics', 'Specialty', 'Others', 'follow up']
      [G2-SCHEMA] ok
      [G3-IMPROVE] follow up: "He is also potentially eligible for several non-therapeutic trials we have here " -> "Potential eligibility for non-therapeutic trials involving novel imaging and blo"
      [G3-IMPROVE] Genetics: "Additionally, the patient should undergo genetic counseling with germline testin" -> "Genetic counseling with germline testing"
      [G4-FAITH] Specialty: "None" -> ""
      [G4-FAITH] Others: "None" -> ""
      [G4-FAITH] EMPTIED: ['Specialty', 'Others']
      [G4-PROTECT] Specialty: restored safe negative "None"
      [G4-PROTECT] Others: restored safe negative "None"
  Referral extraction (full note): 8.4s
    Genetic_Testing_Results: 2.8s [improved, faith-trimmed]
      [EXTRACT] raw={
    "genetic_testing_results": "MMR proteins all intact by IHC."
}
      [G1-FORMAT] ok, keys=['genetic_testing_results']
      [G2-SCHEMA] ok
      [G3-IMPROVE] genetic_testing_results: "MMR proteins all intact by IHC." -> "No genetic testing results in note."
      [G4-FAITH] genetic_testing_results: "No genetic testing results in note." -> ""
      [G4-FAITH] EMPTIED: ['genetic_testing_results']
      [G4-REVERT] genetic_testing_results: reverted (G4 emptied all fields)
  Genetic_Testing_Results (full note): 2.8s
    [POST-THERAPY] removed non-therapy: ['Patient expressed interest in the REVOLUTION trial']
    [POST-PLAN-TEMPORAL] imaging clause cleanup: 'The patient is potentially eligible for ' → 'The patient is potentially eligible for '
    [POST-PLAN-GARBAGE-CLEAN] Imaging_Plan non-imaging/trial prose → 'No imaging planned.'
    [POST-METASTATIC-UPGRADE] confirmed current M1 evidence → Stage IV + distant met Yes (stage was 'Metastatic (Stage IV)')
    [POST-RESPONSE-TREATMENT] Corrected 'Not yet on treatment' → on treatment
    [POST-RESPONSE-PRETREATMENT] Corrected 'On treatment' → Not yet on treatment (consultation/just-prescribed, no started-treatment signal)
  [ATTRIBUTION] 20/23 fields sourced (14.4s)
  Row 19 total: 125.3s
  Row 19 saved to progress

Total processing time: 2793.5s (46.6min)
Done! Results copied to ./results.txt
Full results in: results/fix_pdac_nl_20260827_212210/
